tag,batch,path,bytes,sha256,n_docs,n_states,n_rows,doc_id_min,doc_id_max,A_task_mean,A_task_std,A_task_sem_mean,A_task_sem_std,Q_reward_mean,Q_reward_std,V_reward_mean,V_reward_std,A_pertok_mean,A_pertok_std,A_sem_mean,A_sem_std,V_pertok_mean,V_pertok_std,logp_action_mean,logp_action_std,mask_ratio_mean,mask_ratio_std
taskC,shard_000,data/labels_taskC/shard_000.npz,51077195,6b0596a585c31a609cd365766fb89e2c7593589b3d621289b0ca63faa2476ac3,17,68,408,467,674,-0.04871323529411765,0.3410397145255234,0.03464747598269501,0.06673142719243323,0.6498161764705882,0.45251370690223325,0.6985294117647058,0.42293795507240833,-0.0096721525832476,0.024291621477372793,0.0017189750705874267,0.0022175576689317353,-0.08481997960959287,0.041379431147337435,-1.0648410133287018,0.8366305279249742,0.338404603959883,0.1430054522603583
taskC,shard_001,data/labels_taskC/shard_001.npz,51071334,d57fdef72bcbb2532f185740fd9388d4cceb3f05f9645bb81e37c9bfe99df544,17,68,408,455,699,-0.0428921568627451,0.28893774032068303,0.036530156000991965,0.06964512495391924,0.6188725490196079,0.43876827757177983,0.6617647058823529,0.4282417581929717,-0.011909155283864594,0.024082298573800655,0.0022299936685249966,0.0032083237710624404,-0.08559605401209784,0.0425117367738798,-1.030959638894773,0.8703387187127679,0.34377235437140746,0.1470254065123719
taskC,shard_002,data/labels_taskC/shard_002.npz,51071173,eeda31ca52f6e3b9d11cc06358af2cc9639e8486684cc5f82b4a11238bf0b614,17,68,408,442,672,0.05238970588235294,0.3255445853502925,0.03322109189862761,0.0692734989422107,0.4255514705882353,0.4624483302327864,0.37316176470588236,0.4463354914086527,-0.017219306887549895,0.025690438151285026,0.002779236233754892,0.004123539066061781,-0.08220534244045506,0.05185733786702492,-1.2580614791196936,0.9053705846013421,0.35225764453849373,0.1517749386901619
taskC,shard_003,data/labels_taskC/shard_003.npz,51058703,2ea598d6cbb9f92072c8e9b8859cc105fa5f278a490b7ca9b35bd0892f2183a5,17,68,408,472,661,0.003982843137254902,0.18509339772696554,0.010713964133897623,0.03920140887757388,0.6933210784313726,0.44912407926463654,0.6893382352941176,0.4550031548143413,-0.009168408440773943,0.02137063264427775,0.001978729818080063,0.0036001043486469375,-0.05778883128015663,0.053869067769555766,-0.8586341960757387,0.951572135724226,0.34097278753624244,0.1481700886991915
taskC,shard_w0_004,data/labels_taskC/shard_w0_004.npz,51057287,7ef0610c690b39c62e14a69d983f48503e9b71b5f11a33e9d3a23ace87f1f554,17,68,408,446,694,-0.02297794117647059,0.20684640034803056,0.01094015330556763,0.039382747938863566,0.7159926470588235,0.44214972559970567,0.7389705882352942,0.42753100921550763,-0.0052243493567861975,0.018293950735464345,0.0016604085248861924,0.0034334285878818748,-0.05660411057803739,0.06492494291834004,-0.7497227752909941,0.8955863812603789,0.35380645633182106,0.15607532837432414
taskC,shard_w0_005,data/labels_taskC/shard_w0_005.npz,51048954,4e43e42361c10c0d545238b373399e23d97d3387135c375dd6b286e46754d447,17,68,408,484,688,-0.01685049019607843,0.1762979032377703,0.012135945680064878,0.04047587340207449,0.6761642156862745,0.4577192552871895,0.6930147058823529,0.4534557988916261,-0.006339183073654954,0.01719038274349825,0.0018209967942442369,0.003708525977091259,-0.06651766942612834,0.06477921713843957,-0.7663265116074506,0.8613204051697058,0.34856940586777296,0.15226780208717886
taskC,shard_w0_006,data/labels_taskC/shard_w0_006.npz,51033887,04d0665291f28cf4677538d28968b854e49f8cdc3547f4d8951bcee7b9ca1d37,17,68,408,444,698,-0.034926470588235295,0.17937321287022318,0.01073260267376695,0.036080247152360787,0.7261029411764706,0.43464968900047796,0.7610294117647058,0.4155387704212249,-0.007006731606050571,0.015529774076909454,0.0008924800151022041,0.0017028952201811867,-0.04308890598194386,0.037791133993971486,-0.6776570175208297,0.8195949515427022,0.3492061512216049,0.15472542751509524
taskC,shard_w0_007,data/labels_taskC/shard_w0_007.npz,15022075,c6692088578e0f96ab87510750e87c980b41956a29d986bcbdf09f994cbcf805,5,20,120,505,686,-0.0020833333333333333,0.02272648357215774,0.0012757758848016506,0.013917071850095858,0.5979166666666667,0.4887226477143134,0.6,0.4898979485566357,-0.0014194390100241113,0.019348651564465847,0.0016740329334649362,0.0027172387558483495,-0.05755557839947869,0.0650597574761771,-0.7336372057596843,0.8616857393800446,0.33819144368171694,0.15017247509310874
taskC,shard_w1_004,data/labels_taskC/shard_w1_004.npz,51066448,fd3ff32daae8bda69be64f276d614a160447b12ea9cf5e5bf4c5bde3681f0ec5,17,68,408,492,692,0.0012254901960784314,0.21472672586622818,0.01497758958524447,0.043601964481923085,0.41482843137254904,0.4788166786366957,0.41360294117647056,0.48138956768266433,-0.009233354490169066,0.026275854226456348,0.001825392376784478,0.0028009298239644958,-0.06619050207903937,0.035996325310459515,-1.0397703156751745,0.9029417911839682,0.34001897626063404,0.1471288364919144
taskC,shard_w1_005,data/labels_taskC/shard_w1_005.npz,51052460,d1cb02cb86d05037c4819305e948ea879af8dbc8814ce1470037d2b5d9854d51,17,68,408,440,673,0.03952205882352941,0.23517740384253372,0.018376483703746033,0.0562285845064549,0.7582720588235294,0.41481881469288756,0.71875,0.43321165099616554,-0.007175308915447067,0.015863524121243863,0.0010882936094294422,0.0020775030931917977,-0.043849485910280185,0.03608599769032631,-0.7061236442304125,0.879593251134992,0.3464999970267801,0.15132808754044588
taskC,shard_w1_006,data/labels_taskC/shard_w1_006.npz,51051681,77c1712a8929c78b8c02cce61aa4ce721a704abac00aed7f71dba70d81af41de,17,68,408,445,691,-0.011642156862745098,0.10025640846591903,0.007072067401853736,0.02996374302054459,0.7512254901960784,0.42407450341689856,0.7628676470588235,0.42342903094545237,-0.00935976316077359,0.018588169108034153,0.001183682342294002,0.0021226821831774245,-0.053744971728198886,0.03831893650980663,-0.8117415624506333,0.8618250871489512,0.34433185166734104,0.14801629543564104
taskC,shard_w1_007,data/labels_taskC/shard_w1_007.npz,15023599,f0d689d919511125efec8216360bc75bc541d5ec24ea309140a50b300c38edec,5,20,120,502,679,0.029166666666666667,0.1682735042192389,0.00947552665869727,0.0383759615204865,0.42916666666666664,0.4821645350799754,0.4,0.48989794855663565,-0.014047500411682753,0.021428677808030417,0.0015087406761256036,0.0024047949718497006,-0.060659569600829855,0.04044906200667343,-1.0518469015757244,1.0629099767838615,0.3571947567164898,0.15581617373352946
taskD,shard_w0_000,data/labels_taskD/shard_w0_000.npz,12021654,9c1b9fcdfdd065859c9f1b4ae1a53cff4be91921f7da1e598f282b1d51fb5a30,4,16,96,1056,1254,-0.01171875,0.22176356136308215,0.05807005245297923,0.08109623535102005,0.43359375,0.43224263966465737,0.4453125,0.41450448109007215,-0.016627972221035847,0.0229875923076464,0.0030629613656085295,0.0034535228411548143,-0.10352686693659052,0.04551909940061912,-1.324487845102946,0.9349687010626667,0.33906715363264084,0.14199154153827911
taskD,shard_w0_001,data/labels_taskD/shard_w0_001.npz,12016513,457b871a2c1549adf8125c34a09324368f05c94ce864bac76ada47de2e96187a,4,16,96,714,1202,-0.033854166666666664,0.1557065200924661,0.026409505146267127,0.06277905664516667,0.6692708333333334,0.4352543432476834,0.703125,0.443871022229431,-0.010414982238273751,0.025583273449680408,0.002573015724003197,0.003031538163416181,-0.062420055852271616,0.05571472811071311,-0.9670897622903188,0.8719379606780929,0.3579689543694258,0.15237206923578875
taskD,shard_w0_002,data/labels_taskD/shard_w0_002.npz,12021929,70552426307a8058c48be490f89ddbce2f9e88dd4c722b3da08d7a373eb30cef,4,16,96,944,1204,-0.0078125,0.07614683081882002,0.0015947198560020632,0.015543406474035473,0.4921875,0.49798176657760274,0.5,0.5,-0.012492082772505242,0.021349859997150063,0.0008229016550671857,0.0013813703672927882,-0.05628262413665652,0.028667757594064404,-0.9376515050729116,0.9264089541628716,0.3328982461243868,0.13744445685827444
taskD,shard_w0_003,data/labels_taskD/shard_w0_003.npz,12019501,e1c13adc36452f0cc2dab76ea9bdd45ffa89d954c16863d0ac9c9876089b3335,4,16,96,1039,1268,-0.03125,0.1454608337892598,0.008308093352920305,0.03271541626240463,0.96875,0.1454608337892598,1.0,0.0,-0.01027462651446361,0.024895949204205063,0.001953242021451265,0.0025010723527527767,-0.06421893151127733,0.03723228127144049,-1.1113773087660472,0.932454301473747,0.35217876080423594,0.15170464905965367
taskD,shard_w0_004,data/labels_taskD/shard_w0_004.npz,12019632,77c23dd5c1cd503bb0681dd7c679cbcc08caedc032de34711bb01c36f75738b1,4,16,96,1153,1223,-0.0625,0.20885351724753565,0.014528058743162741,0.040751444287181485,0.6875,0.4470679944557278,0.75,0.4330127018922193,-0.012025985977487608,0.02115837724760802,0.0007185850864382592,0.0014042039027480516,-0.07299183710711077,0.022447156233502186,-1.1637604931990306,0.9407525733007889,0.3564708884805441,0.14779667789184003
taskD,shard_w0_005,data/labels_taskD/shard_w0_005.npz,12013620,2339a26ca7c576defcc0b0572c608aa4af744cd0f0cb8cbc6e8118fab66f9645,4,16,96,840,1251,-0.13151041666666666,0.32494480283810206,0.016587301077844386,0.042186628203295,0.5481770833333334,0.48759674242638906,0.6796875,0.45921287530267485,-0.009169095987696588,0.018917040188633036,0.0007575870569058407,0.0016506493661414556,-0.04962385003454983,0.03090957393175338,-0.9487326741218567,0.9456339472129253,0.34045976772904396,0.14793830617392284
taskD,shard_w0_006,data/labels_taskD/shard_w0_006.npz,12013980,3bc36d64a51278622d48ba4ab7b7aca5c147ef79ce95281924717aae69b0e081,4,16,96,1040,1228,-0.04296875,0.2638285606982386,0.036325401110142506,0.06989782638942461,0.44140625,0.4680387398968923,0.484375,0.4653522691198572,-0.00739854026475939,0.023609820948258982,0.0013941137706802251,0.0019107887333391243,-0.06311676204950345,0.04719544356881462,-0.8872814774513245,0.8992349173152702,0.34135260432958603,0.14995995345288043
taskD,shard_w0_007,data/labels_taskD/shard_w0_007.npz,12023356,bf2697bca84eeeca9f2fce2802a92abf16a35c6684dc62a78065a61084cf1a58,4,16,96,959,1176,-0.032552083333333336,0.20511429079253934,0.036475829797922965,0.07183025431450676,0.2877604166666667,0.42355752130003127,0.3203125,0.4261215669779576,-0.020266095853687698,0.040847022607415025,0.004239528126763947,0.005061013993484349,-0.13059366888774093,0.0808839659665592,-1.349550873041153,1.0616660826330304,0.3052079793997109,0.13862144177755717
taskD,shard_w0_008,data/labels_taskD/shard_w0_008.npz,12016242,6a46731d52e9993e147c86c03527bc5d608788420ae422e0483e09785275f4e3,4,16,96,813,1222,-0.014322916666666666,0.1195011763184491,0.012803310481391087,0.03799123957416048,0.4778645833333333,0.49113057538600985,0.4921875,0.49305479142155184,-0.00941559993791922,0.02104801058214655,0.0017651644077563942,0.0028555878855690817,-0.05792193331217277,0.03961967645732664,-0.8486835559209188,0.9803279670557115,0.3517068740911782,0.157369527968736
taskD,shard_w0_009,data/labels_taskD/shard_w0_009.npz,12023840,8470bd1befcd4669544aab865875b649cc69257d32b5954ec6a9705ff524a722,4,16,96,702,1281,0.18489583333333334,0.40903658350972166,0.033322738340279524,0.0655848983085788,0.4427083333333333,0.4662840228128727,0.2578125,0.39889679410061696,-0.008375158849342293,0.019738550020002583,0.0020376722721947575,0.0021666025960793652,-0.10348726622760296,0.027227860095336568,-1.073882907629013,0.8722492234532395,0.3138174773193896,0.13937493544527876
taskD,shard_w0_010,data/labels_taskD/shard_w0_010.npz,12014754,ba20f770d95c52fff8c0208254e73544a327e8b4dee61649c694fb9b752d0e13,4,16,96,842,1243,0.009114583333333334,0.2899380274943706,0.055347543846192615,0.0781809941871307,0.5169270833333334,0.4527188523427018,0.5078125,0.3964410767614148,0.008509387688491188,0.038353137476311805,0.006806385811529356,0.012295491992584843,-0.06733191953753703,0.0654389367143589,-0.6914373139540354,0.7504470779347858,0.33635960752144456,0.1475626232224782
taskD,shard_w0_011,data/labels_taskD/shard_w0_011.npz,12023499,1ed28f4a4326dc13df472c054193a525f39f3bfaf8a05d91d60d813d05487c06,4,16,96,727,1142,0.11067708333333333,0.3553304065347627,0.026004157062411676,0.05772139166992847,0.5638020833333334,0.47151779790974985,0.453125,0.4838707052250632,-0.0015182716823198457,0.05645152013814907,0.0037128352442517758,0.007777836747177004,-0.10793978458968922,0.08189246561760033,-1.1526863078276317,0.9564554269054569,0.3281942196190357,0.13650140649207504
taskD,shard_w0_012,data/labels_taskD/shard_w0_012.npz,12016582,7d3acae3b69ed300c6f1e0f57bf9286296b58fe697cc6a17feea798fc1235837,4,16,96,864,1147,-0.0546875,0.2613395106824645,0.028369173136678593,0.06787469091642681,0.46875,0.4708287241662301,0.5234375,0.45761514517523344,-0.005344127575525122,0.019433336123370924,0.001828909768316302,0.0030623862141299116,-0.06816763044844265,0.049157778484417436,-0.931889146566391,0.9382928343574066,0.30924479104578495,0.13353116390900255
taskD,shard_w0_013,data/labels_taskD/shard_w0_013.npz,12022708,586a7ef1694a1b8f3f9ac0d9d15bc072c672557853712e4334310b9833a4375c,4,16,96,724,1239,-0.006510416666666667,0.2456455353922797,0.024698109642696753,0.06102048430246538,0.4153645833333333,0.47581303488064136,0.421875,0.4653522691198572,-0.012998701800825074,0.018007958124259094,0.002513618588036696,0.0030226665961400013,-0.0774597239214927,0.028822348061176693,-1.2930028935273488,0.8605284155552927,0.3445511180907488,0.14194874206452784
taskD,shard_w0_014,data/labels_taskD/shard_w0_014.npz,12022260,be9d4fa1d7ce58ef4e4cf9186da43016688bf4cc301188d8a2895e35a21172ef,4,16,96,716,1173,-0.11197916666666667,0.34960876881542735,0.027301512023893488,0.056940825137415316,0.3723958333333333,0.45856262020503324,0.484375,0.48588474392081915,-0.00851091691572492,0.028933822421351552,0.003633614385883403,0.004719520624405007,-0.10419809410814196,0.05624007199536774,-1.2084752321243286,0.908820941229507,0.34323372691869736,0.1430497069276697
taskD,shard_w0_015,data/labels_taskD/shard_w0_015.npz,12025029,581c80af424673449d8f23b45e62005547a8f7912701e74fc827a24829302bf6,4,16,96,753,1016,0.0234375,0.21447648533211436,0.02436884792541752,0.060651629187296295,0.4921875,0.4823757463607425,0.46875,0.4831132760543846,-0.01599124108835781,0.023870506538617085,0.0015860732068697328,0.0028808176682104006,-0.06927427869231906,0.02607939836798773,-1.1416594286759694,0.987935106551017,0.32749353908002377,0.13725572270772274
taskD,shard_w0_016,data/labels_taskD/shard_w0_016.npz,12021347,ef53a81f9fe57a538441d7fb0625fc07241d3eea30bd80637f0fd64b597ebe57,4,16,96,711,1179,0.15755208333333334,0.34005820181354207,0.05535670540763027,0.07895140276906187,0.3919270833333333,0.43773051652795064,0.234375,0.32738010687120256,-0.006443477278616309,0.022536279914998857,0.003872958381709203,0.004445336017261854,-0.11523619672516361,0.055589074036012785,-1.1524620552857716,0.9636830213042181,0.34719411469995975,0.1463782405934297
taskD,shard_w0_017,data/labels_taskD/shard_w0_017.npz,12023033,c41eb912a8c31c224309f10a097b39e75d66e7412aa37ea5d4dd7957a0c6735c,4,16,96,939,1280,0.0859375,0.3338110996662883,0.036631569866675144,0.06811441390285386,0.5625,0.46770717334674267,0.4765625,0.45761514517523344,-0.0027398544172522557,0.01942784206971066,0.003532985961249612,0.004680145591404028,-0.07153100561117753,0.05115507941445653,-0.8871210714181265,0.8762968042814707,0.31905685225501657,0.14160883177902042
taskD,shard_w0_018,data/labels_taskD/shard_w0_018.npz,12018835,6e3495d4bc9ff08771c7c2ef18e320ff66e37eaf6e201c21fd202a3e7c329229,4,16,96,887,1157,0.0234375,0.3147380793513076,0.0294373838048556,0.06272856281739746,0.609375,0.4579484653047764,0.5859375,0.4733498268656597,-0.015019346604579672,0.02148877815158494,0.0007306616040416155,0.0014407046125179677,-0.05221003125188872,0.026582162901969263,-1.031978448232015,0.9628061771045076,0.3574363933876157,0.15162657971748453
taskD,shard_w0_019,data/labels_taskD/shard_w0_019.npz,12017761,553d0c7456204aa4564f16a7aad095bbbfda6065087e464b2c28b56d5ee36603,4,16,96,821,1054,0.08854166666666667,0.3056098042120959,0.025428125217828907,0.0628601006547164,0.5416666666666666,0.4751872803315435,0.453125,0.4695306000411475,-0.0168338426389217,0.026809091997779744,0.0024610867806940536,0.004577985868043845,-0.05035230489738751,0.046173343444371066,-1.1238119999567668,0.9909270920378135,0.34278038889169693,0.15158935552774114
taskD,shard_w0_020,data/labels_taskD/shard_w0_020.npz,12015457,0f42381f507d8c60ca18c4b5c59d047dde21dc6178e4a0143d70d9a08292e44a,4,16,96,744,1284,0.040364583333333336,0.2751034320560052,0.021704994670625342,0.05808707182926298,0.5716145833333334,0.466921709394619,0.53125,0.4831132760543846,-0.007726994774192993,0.01785596172024732,0.0014563397911617239,0.0030434860849734738,-0.040728228574153036,0.04567268961709876,-0.6412139733632406,0.8986872915632576,0.3273699823766947,0.14949361806156658
taskD,shard_w0_021,data/labels_taskD/shard_w0_021.npz,12023137,73cc59b7e8b7706b45f49faf573ea5a1f1ede4d4862f5a18bd96c5f437259507,4,16,96,987,1295,0.029947916666666668,0.1774611089900913,0.029779662312879623,0.06831815849952053,0.3190104166666667,0.44226195326769824,0.2890625,0.42093355603200605,-0.010500350611678755,0.02431424205908534,0.0015914224503935344,0.0027132875390604404,-0.07957429578527808,0.044157997952901894,-0.9599392712116241,0.7960634015180643,0.3338899491354823,0.1399341661902032
taskD,shard_w0_022,data/labels_taskD/shard_w0_022.npz,12022480,1523eb54deaccd403c9f89f0b7768f3ff5b30ba2a6cd4e166c59078c71c562e9,4,16,96,807,1132,0.078125,0.3522851369392886,0.08779419935407846,0.07930683689690916,0.6015625,0.45116764743690346,0.5234375,0.38073415409410016,-0.003012231138882271,0.022815520384863047,0.004177320715644364,0.0036834872220568903,-0.09205353539437056,0.035126721250899835,-0.9428274631500244,0.7647781377414649,0.3426093375310302,0.14244717501153462
taskD,shard_w0_023,data/labels_taskD/shard_w0_023.npz,12023164,cfcca1423c01a784dc2c0efdf5b9886fab3e23900cad353bb134eb4270720f29,4,16,96,770,1299,-0.013020833333333334,0.10282336990833141,0.0024359747937891378,0.016700201801501488,0.4869791666666667,0.49754578891391715,0.5,0.5,-0.015039453707551923,0.02710102480878562,0.004384012751443843,0.004654046627933039,-0.10001909697894007,0.04689762031229911,-1.278001109759013,0.9231306080984818,0.31949036242440343,0.13844392696208188
taskD,shard_w0_024,data/labels_taskD/shard_w0_024.npz,12021190,e1cd1b46d6cacfbad778d6c371869bab73d59a85347191f4e11d77d9d7e7200e,4,16,96,843,1087,-0.07291666666666667,0.25748348113142244,0.028847801089932068,0.06491053305178125,0.6380208333333334,0.4622744265036793,0.7109375,0.41860713514433795,-0.0007831075373966693,0.04013119350942899,0.006692121231988026,0.010799983252944493,-0.11878947057994083,0.11888404797147567,-1.0222780505816143,0.9117673110556627,0.3376161474734545,0.14457862287671605
taskD,shard_w0_025,data/labels_taskD/shard_w0_025.npz,12023573,3fc092dc101eda4d52f6d87b527435181f0e7eba4d7708583d80c13f850df724,4,16,96,833,1282,0.015625,0.06314768569261532,0.026360085880997166,0.05484473714174585,0.3359375,0.440581595084365,0.3203125,0.4168537991235656,-0.010986636403449287,0.023250755245932654,0.002715879166951969,0.0035073082197864414,-0.08316138363443315,0.03442994716195782,-1.1307962536811829,0.8408741375514374,0.3271264247596264,0.13782651213990596
taskD,shard_w0_026,data/labels_taskD/shard_w0_026.npz,12017793,8f87848c055fdc087488018ee852e15332848ab57e247f66c2bb4e6b1f1172c5,4,16,96,737,1266,-0.029947916666666668,0.1651080687630369,0.010120631634264046,0.03772865809819602,0.9622395833333334,0.16936595884797231,0.9921875,0.030257682392245445,-0.012196935853876786,0.027236897862076885,0.001183815007073442,0.0033081988224223273,-0.0428812088612176,0.031117219925836583,-0.8474108775456747,0.9263086496700959,0.3435597438365221,0.14460312830607347
taskD,shard_w0_027,data/labels_taskD/shard_w0_027.npz,12025021,6d84baae1ac9cd4b0239ad63b379cf9f3ceb9415c3e1a32b7690217da5988da1,4,16,96,898,1074,0.024739583333333332,0.160990375281132,0.01068559532130115,0.03591137156368009,0.2825520833333333,0.4401869837019943,0.2578125,0.4295454310591023,-0.010935018421150744,0.0436623532997701,0.007120207150862143,0.007916909728412662,-0.1180249213357456,0.0790545498770085,-1.304343859354655,1.0224521241184878,0.33216398023068905,0.14609743139181186
taskD,shard_w0_028,data/labels_taskD/shard_w0_028.npz,12017910,13d739aa5dd11843cecbaad1bc60822520c163763b596ba6100969d76809b5d3,4,16,96,728,1116,0.10286458333333333,0.31353723263060745,0.018613541552082655,0.05880527866440667,0.3841145833333333,0.4695287945951697,0.28125,0.4318835925339142,-0.011191880891904779,0.03469521508919417,0.002967032222622823,0.004272690878807784,-0.08282517749830731,0.0698062117978249,-1.1951249440511067,0.975343728335881,0.3607583539560437,0.15698070818528467
taskD,shard_w0_029,data/labels_taskD/shard_w0_029.npz,12020196,fd5687167d23c78a7cfd4527ae752a98f2d80d6519f8f4aec7d07f49741c8955,4,16,96,732,1215,0.0,0.0,0.0,0.0,0.5,0.5,0.5,0.5,-0.005605866250171972,0.016764937928680116,0.0015944501554886817,0.0018661699101338272,-0.0819214219955029,0.06711591924323364,-0.9334702094395956,0.9766937080126356,0.3330526305362582,0.14761396588367817
taskD,shard_w0_030,data/labels_taskD/shard_w0_030.npz,12014532,7a3849e4c543890edf1407fc3d953ea4deaeea058aeab274fa9092fa2ac23401,4,16,96,777,1234,-0.0013020833333333333,0.012691138469803338,0.0012179873968945689,0.011871472672100574,0.24869791666666666,0.43093844107442963,0.25,0.4330127018922193,-0.009924101665262697,0.019677898879326375,0.0006779478871062292,0.001355797496297829,-0.04658891003964527,0.03246675261871548,-0.8406836191813151,0.8961949434219214,0.35252395551651716,0.160011096500088
taskD,shard_w0_031,data/labels_taskD/shard_w0_031.npz,12018469,70e7db72934fa688c9c598e13c8f3bef981dece607f95db917a6d4d99f773618,4,16,96,788,1151,0.0,0.0,0.0,0.0,0.5,0.5,0.5,0.5,-0.009070187677930145,0.0178520704879474,0.0004724921529262294,0.000873984591945734,-0.03550838282899349,0.027918220732222554,-0.7295831044514974,0.8140290560324308,0.3343666479922831,0.15278346404293325
taskD,shard_w0_032,data/labels_taskD/shard_w0_032.npz,12023962,d686125a0ec8eb2bb6efa238730adb0ed4637fa1f5ae187ac0576ac5b92b4c6e,4,16,96,1019,1165,0.01953125,0.14129254175918426,0.025301938321689216,0.05907501587173499,0.05078125,0.16787788239800233,0.03125,0.06987712429686843,-0.012187451893851176,0.023052772206638174,0.0036831055148182114,0.004735469204439825,-0.09958558122161776,0.0459844938857683,-1.3874128063519795,0.8391090788068669,0.342357256449759,0.14836654007682104
taskD,shard_w0_033,data/labels_taskD/shard_w0_033.npz,12021410,3c69b2429c733e0e907f81ba6ac174dec24a2e1d71f0ef9eb9db21a59cf92d6c,4,16,96,772,1226,-0.049479166666666664,0.19134866622470154,0.010308862862193657,0.034580495107950644,0.7005208333333334,0.4465139737260626,0.75,0.4330127018922193,-0.013226149953699454,0.02125065898514543,0.002618771343042546,0.0035479985587373304,-0.08484215423231944,0.04292601026252935,-1.142794261376063,1.0117058192251898,0.34020118322223425,0.14309407524021828
taskD,shard_w0_034,data/labels_taskD/shard_w0_034.npz,12016266,737989cf4c639da38c723dce7aac3c210d94ab283c541df51fc6bb2efd050ff2,4,16,96,768,1178,-0.010416666666666666,0.1015291077584267,0.0,0.0,0.4895833333333333,0.49989148127924277,0.5,0.5,-0.010482271205968155,0.01718195967875113,0.0015159890298535332,0.0033321320307337808,-0.055183466316520935,0.07028899559979385,-0.8225560983022054,0.894721408032979,0.3636426478624344,0.1611796540965567
taskD,shard_w0_035,data/labels_taskD/shard_w0_035.npz,12016740,f1f3b879cd429cf345a8b910e1a9c8f2acb697465a300ef4d4a3ea9122f5c039,4,16,96,873,1220,-0.014322916666666666,0.07626919086253893,0.007219864358547055,0.031392216005747944,0.9856770833333334,0.07626919086253893,1.0,0.0,-0.006632307302458784,0.01693614961724197,0.0012318139333218423,0.0022003809566100876,-0.05671719624660909,0.05236843866046351,-0.683323472738266,0.7742246496442183,0.3589686593040824,0.15311871360708715
taskD,shard_w0_036,data/labels_taskD/shard_w0_036.npz,12013700,41ff0b20c4acbaf77451e2d1c89dd5737aec0686ac9491aa69fea4b812ff87a7,4,16,96,731,950,0.016927083333333332,0.11066176364562298,0.0033776709399337365,0.023192838415258335,0.5169270833333334,0.49529682272333064,0.5,0.5,-0.010440893642908122,0.019038482334204684,0.0015324209583875857,0.002151065593483644,-0.06042374557000585,0.04775689946419506,-1.0563604434331257,0.9568573665312213,0.3473348217085004,0.14743567633823118
taskD,shard_w0_037,data/labels_taskD/shard_w0_037.npz,12022040,b6ea60cb40d3ee4729a5a2563f1923c7ecea735348179f8088fdaa58b66e542a,4,16,96,771,1218,-0.0078125,0.13718299157360336,0.0034361437653420306,0.02361894082285337,0.4921875,0.4953601449219379,0.5,0.5,-0.004674401310762022,0.026006739667423655,0.00416588941162857,0.005939241145700811,-0.07895978749729693,0.046901724374325895,-0.9990770518779755,0.8950117198613246,0.31129199359565973,0.1303756971302087
taskD,shard_w0_038,data/labels_taskD/shard_w0_038.npz,12013456,2825acdde8aa262b8f57e2ee93266f469e95de0f024c1c40206a17d716f32aaf,4,16,96,823,1276,0.0,0.0,0.0,0.0,0.5,0.5,0.5,0.5,-0.009278119214627623,0.022648666048535368,0.0010229306000588878,0.0019376169681330163,-0.05524276009964524,0.040391564980398954,-0.8213767210642496,0.8522637379384268,0.32905016001313925,0.14341548525933642
taskD,shard_w0_039,data/labels_taskD/shard_w0_039.npz,12016572,ac01700194358b8569fa1387921e1d01f30d824fbddcf73de48c82c3e4d81fd9,4,16,96,834,1090,0.08463541666666667,0.3358441205812498,0.01009104443685198,0.03664245484482811,0.7018229166666666,0.4442814422092072,0.6171875,0.4789897204990416,-0.011903317791810272,0.016935539785510666,0.0011329075178278453,0.0017647061874525762,-0.04964484251104295,0.027176429236815604,-0.7806156376997629,0.8025332627194327,0.3485744372010231,0.14887792446871143
taskD,shard_w0_040,data/labels_taskD/shard_w0_040.npz,12018106,faa0f38113b799b5b32759ef38247f65868000e058e86ccce27908fcba2388f6,4,16,96,726,1126,0.018229166666666668,0.10971549183823388,0.0047841595680061895,0.026637073148837145,0.2682291666666667,0.4363747309549124,0.25,0.4330127018922193,-0.011208419003499634,0.015737284726973142,0.0010177273422949113,0.0013289736216588592,-0.06462906440719962,0.02821964910793604,-1.0624075829982758,0.8528458185462939,0.3561569545418024,0.15364434513032746
taskD,shard_w0_041,data/labels_taskD/shard_w0_041.npz,12009480,b0b1d7bd3ea22a8ed5004869d7db1c52c6826e6422693b3451bcdca9153197d9,4,16,96,723,1258,-0.032552083333333336,0.22115110170950175,0.01116276898876617,0.04005898160398997,0.4674479166666667,0.4848770219901053,0.5,0.5,-0.0016699659331228152,0.018603574115765926,0.001937251093500514,0.0038890993998423377,-0.05819706574402517,0.06533141294256369,-0.6940778394540151,0.8093345688708634,0.34709475561976433,0.15402729910531016
taskD,shard_w0_042,data/labels_taskD/shard_w0_042.npz,12020343,77e6d947c2677a1a42e0cc8b3f5f004d71ccfba1edb60a4b128c02d8f3a139d4,4,16,96,792,1274,-0.013020833333333334,0.14487688589272002,0.004277398703129105,0.02433218870292297,0.7369791666666666,0.4346930665032193,0.75,0.4330127018922193,-0.01086747393963113,0.01757968563186413,0.0014946009593899301,0.002502037844117225,-0.044850396683614235,0.03101392951839858,-0.8120628694693247,0.8437887257637093,0.3436440294608474,0.14419114851917023
taskD,shard_w0_043,data/labels_taskD/shard_w0_043.npz,12016262,435c581a450447a79226b28b2f72e808ffe28009cb69ecea08d704cc979d331d,4,16,96,789,1167,0.0,0.0,0.0,0.0,0.75,0.4330127018922193,0.75,0.4330127018922193,-0.00672376386974823,0.018178579361600642,0.002318642994520399,0.00405256431831809,-0.055714496644213796,0.07589886286910898,-0.6526685158411661,0.9767068192337426,0.3453303291462362,0.15553581503400143
taskD,shard_w0_044,data/labels_taskD/shard_w0_044.npz,12010170,5911e9271a96565aa6aefce7de94dcee097e3c29ed7c7b1f1968fe214bc63a9f,4,16,96,704,1253,-0.005208333333333333,0.06730649991312544,0.01834994275890729,0.04846469239723507,0.7760416666666666,0.3940130845084829,0.78125,0.38654115240165565,-0.004336785964255796,0.010958447256684548,0.0006629815485285627,0.0009748328938921653,-0.03795652848566533,0.039437527374455335,-0.49809356530507404,0.7446901161574738,0.37171429954469204,0.1621279952958293
taskD,shard_w0_045,data/labels_taskD/shard_w0_045.npz,12010592,ebbae82ebe081b7dd92dc7a7657960037ebd1bb4b350ca1e8dcc00cca776edd1,4,16,96,869,1219,-0.015625,0.14574029770451274,0.0048719495875782755,0.0233650494120983,0.4765625,0.4971639948351214,0.4921875,0.49305479142155184,-0.010255282886138204,0.014362990794564861,0.0012785946155475366,0.0020520790733649045,-0.04787938234585454,0.0453416088852126,-0.9564382135868073,0.9289985696322537,0.3530240021646023,0.1545372935459073
taskD,shard_w0_046,data/labels_taskD/shard_w0_046.npz,12015722,da710993aa5b5688dcd3bdb60d610eff6063332177c32c30b6aeb5190f2c7888,4,16,96,1009,1162,-0.03125,0.17399263633843817,0.0,0.0,0.71875,0.4496092053105675,0.75,0.4330127018922193,-0.008605113634530426,0.019345862752227185,0.0011095458571776272,0.001519670880628703,-0.05139587832672987,0.0410602119015064,-0.7049249708652496,0.8462017489746932,0.35235842131078243,0.15977061624125238
taskD,shard_w0_047,data/labels_taskD/shard_w0_047.npz,12021607,3923f4ac18c45dcfdabeee42713b0ae5628fac18ad8863c0c661953330ade646,4,16,96,860,1233,-0.014322916666666666,0.08437459812147093,0.005219094849273704,0.029113541471665276,0.7356770833333334,0.432963756537226,0.75,0.4330127018922193,-0.0061518778005241375,0.018743685772274418,0.0027043630416986996,0.0037576228310000114,-0.08868203684687614,0.07093472886847281,-0.9341942171255747,0.8456281753438172,0.34468206064775586,0.1462036218124415
taskD,shard_w0_048,data/labels_taskD/shard_w0_048.npz,12017591,a2d57c3a1f94470ad4bbbfa6dd71aba2ea1ccb788a461a726c7b02cf60a970f0,4,16,96,764,1093,0.0,0.0,0.0,0.0,0.5,0.5,0.5,0.5,-0.006015586616487045,0.02152075986909743,0.0018471729634169914,0.004706380843832435,-0.048271261080117256,0.03918870871591237,-0.6579552094141642,0.8024725817375322,0.3257787125185132,0.14447229687252403
taskD,shard_w0_049,data/labels_taskD/shard_w0_049.npz,12020831,9662626c68ffb7ec93b7838ee0075aae9aa2e702426443c7824e067a790a83e6,4,16,96,796,956,-0.00390625,0.028258508351836856,0.002812707252896632,0.01945879366376916,0.74609375,0.43167744705308714,0.75,0.4330127018922193,-0.00542193507256646,0.017834553087526066,0.0016971850605993352,0.002498261546375146,-0.05719066310848575,0.028456347943549985,-0.7732125123341879,0.7404742798401421,0.35263849794864655,0.14922954696480445
taskD,shard_w0_050,data/labels_taskD/shard_w0_050.npz,12017446,8de5c5d8b4cef8c2f10bb2f43e7a7af3cf189b7cc1284f4664698d4f8d2ec59b,4,16,96,730,962,0.0,0.0,0.0,0.0,0.25,0.4330127018922193,0.25,0.4330127018922193,-0.010005380033026276,0.02509386021914516,0.0015505419029817646,0.002448323161515788,-0.06188587466022,0.03274855538083605,-0.7157686948776245,0.7536844808555355,0.33651779126375914,0.15002366341675913
taskD,shard_w0_051,data/labels_taskD/shard_w0_051.npz,12020816,5ea0f66399bfa912eab1cd4f4f6cc4f0cb499af491e0e527f2ebba7710a4de7a,4,16,96,859,1128,-0.005208333333333333,0.12747123177625436,0.01565798611723695,0.044182497175676815,0.5026041666666666,0.4857940123989168,0.5078125,0.49305479142155184,-0.010281965813192073,0.02292952351700048,0.002950666261319134,0.0031821789516335006,-0.08405915927141905,0.04305248741800964,-1.153870205084483,0.8887528617608419,0.3471985012292862,0.15707385521823894
taskD,shard_w0_052,data/labels_taskD/shard_w0_052.npz,12021340,5620168b818c2fa9dd0e94a45fd67823f7684a385b0ddde32e754bdfcd601dd8,4,16,96,746,1270,-0.029947916666666668,0.14291513870356676,0.007408365589724938,0.0319906840137375,0.22005208333333334,0.4037361290133194,0.25,0.4330127018922193,-0.01276652448352896,0.016336120663918794,0.00112909771387074,0.00153201924191628,-0.0605379476910457,0.028754595150493282,-1.2625268399715424,0.8591130394717245,0.33079868322238326,0.13907409080150077
taskD,shard_w0_053,data/labels_taskD/shard_w0_053.npz,12019448,20e30d035e9f1bd6d431a9e183836afd8d61ae33cda37883e1ba519921213b53,4,16,96,836,1164,-0.020833333333333332,0.1428261375083551,0.0,0.0,0.7291666666666666,0.4443901876604488,0.75,0.4330127018922193,-0.009006795115960031,0.0193752169667,0.0007228077740041653,0.0014086710975835866,-0.03942985791763931,0.022942224926533302,-0.7069336275259653,0.7477100417144584,0.32826569909229875,0.14429955583330348
taskD,shard_w0_054,data/labels_taskD/shard_w0_054.npz,12014412,bb66aefc9d214a3d069fa3b56220de661581975fb4d20161911d2ab8fc03730e,4,16,96,779,1267,0.032552083333333336,0.15857108486099555,0.008249620527512014,0.0324179210113867,0.2825520833333333,0.4401869837019943,0.25,0.4330127018922193,-0.013415349336016735,0.027014950889465858,0.0014300310975078154,0.002134238609236478,-0.05768389120930806,0.045567066465793754,-0.8376717865467072,0.8912955249258901,0.32844557287171483,0.14656330464705633
taskD,shard_w0_055,data/labels_taskD/shard_w0_055.npz,12021877,95f548aa187939a51f3e3b20e769f87eb6a95197376f7edfc2230f7230c7343e,4,16,96,700,1061,0.0,0.0,0.0,0.0,0.25,0.4330127018922193,0.25,0.4330127018922193,-0.022043973858491956,0.026722045895334282,0.0027146539501857326,0.0034797871328647377,-0.0774246501214293,0.041521667505956185,-1.3403854767481487,0.8674391644224723,0.3200758630409837,0.14405269005594226
taskD,shard_w0_056,data/labels_taskD/shard_w0_056.npz,12010929,57244bd8645f60fd3671a36987000d668094007473bdb83189933c3a1537083b,4,16,96,748,1290,-0.010416666666666666,0.07365695637359869,0.0035659021678633475,0.02444659360169241,0.7395833333333334,0.4332632154809463,0.75,0.4330127018922193,-0.00876625172469403,0.01815351455760096,0.0006697303379243983,0.0014727811386965274,-0.03143533239199314,0.027056820356411028,-0.6385441819826762,0.816264681156619,0.3684114795178175,0.16203237846458143
taskD,shard_w0_057,data/labels_taskD/shard_w0_057.npz,12016901,06828f6297236d7d3d4190a2295c363ab4bc2ad34da3657696eb041e33247f0d,4,16,96,848,1277,-0.032552083333333336,0.1742214748167584,0.0012179873968945689,0.011871472672100576,0.7174479166666666,0.44897336292998474,0.75,0.4330127018922193,-0.009391772787645062,0.018642274111567794,0.0010365994176595814,0.001854289639222817,-0.056308943321255356,0.04852447753862516,-0.7618553042411804,0.7868635183151128,0.3434004932641983,0.1540673124969321
taskD,shard_w0_058,data/labels_taskD/shard_w0_058.npz,12020482,980c08a1571c6968257c465a092469d7a5631c5f3383bc6fa2a183cab1d116fa,4,16,96,960,1194,0.0,0.03608439182435161,0.00646666944358034,0.027784604178526257,0.484375,0.48722281115351457,0.484375,0.48789046862487484,-0.0067962731165754535,0.02320876058729465,0.003940182630766537,0.006482598840345382,-0.09808604089994333,0.10131599696625453,-0.9917287429173788,0.997879426425607,0.3321777116507292,0.147177634591588
taskD,shard_w0_059,data/labels_taskD/shard_w0_059.npz,12017488,d036f3c57330efdcc50ebc3d0404db254b8476e0c2e75f5a54d54569dc261719,4,16,96,914,1002,-0.03515625,0.19739772289113205,0.02913624929181424,0.061063209489402116,0.64453125,0.45833148377941213,0.6796875,0.42151315500675657,-0.010165320704497086,0.02036692645655161,0.002134017356693666,0.002533450074715728,-0.06284177605994046,0.04078350418970806,-0.9518181085586548,0.9318265015198606,0.3477316005155444,0.15741703120983339
taskD,shard_w0_060,data/labels_taskD/shard_w0_060.npz,12024459,ede17485747c5c14f0f09ec537651de1fbb06516a427cc81b7d347f8209ca63b,4,16,96,750,1122,-0.03125,0.14657549249448218,0.008902644237369478,0.03192766327246007,0.46875,0.49013709816744133,0.5,0.5,-0.01168204871481604,0.02266588318215628,0.002600519557219969,0.003404651053413627,-0.07790902067790739,0.04999719697630511,-0.9464155634244283,0.84854159643662,0.34537762962281704,0.144100387394674
taskD,shard_w0_061,data/labels_taskD/shard_w0_061.npz,12018304,f0dc8a4733e0eeae79f66be4db1e3cad1e9b3aafe944af09ba0b686500fcd6bc,4,16,96,722,1214,-0.09375,0.33946189035000673,0.010182144959665696,0.044401793304313104,0.875,0.3212321655231099,0.96875,0.12103072956898178,-0.010464193193911194,0.0159676356310006,0.0007935572819582666,0.001670218903020104,-0.03574368526460603,0.027584189850251722,-0.8260532319545746,0.9011338669125433,0.3371271900832653,0.14450674855579534
taskD,shard_w0_062,data/labels_taskD/shard_w0_062.npz,12020212,e0c04fc5ad5160215289e3335d08e0884a43e1960649f2684682e25dd6c862ac,4,16,96,961,1196,-0.00390625,0.11041635957111383,0.006843401902687833,0.02947363487900658,0.48046875,0.4902460469228054,0.484375,0.48789046862487484,-0.008862266758200121,0.016302387866739473,0.0006907859140396237,0.0011959199644829368,-0.04191695715417154,0.025888115915569766,-0.7618407408396403,0.8263255137814434,0.3428382398560643,0.14854871201384193
taskD,shard_w0_063,data/labels_taskD/shard_w0_063.npz,12022985,46104bf523f54b8fa755b9f55f6dc5daf234dc48a4458f71d7c091afc82d9e11,4,16,96,857,1249,0.022135416666666668,0.14319957080589682,0.0012179873968945689,0.011871472672100576,0.022135416666666668,0.14319957080589682,0.0,0.0,-0.0125331572912728,0.021109256894513186,0.0010105086759621084,0.0020791515833081444,-0.061425316031090915,0.030104834255513108,-1.044733355442683,0.8910183604359049,0.32662308588624,0.13889267142006456
taskD,shard_w0_064,data/labels_taskD/shard_w0_064.npz,12017075,374e0b15bf8dbeb89ea792ec6fe9dd9f4b579444b4e2641a328d6588c9b2ba0d,4,16,96,1017,1264,0.005208333333333333,0.04000596743681566,0.003000938480826243,0.020942433560507272,0.2552083333333333,0.43185218624419275,0.25,0.4330127018922193,-0.012958198727930656,0.023127716011302552,0.004142933752083419,0.006156217939611084,-0.0979658336545981,0.06246109870180117,-1.0552238921324413,0.9812179675873757,0.31670698849484324,0.14497028878000637
taskD,shard_w0_065,data/labels_taskD/shard_w0_065.npz,12020052,05429b8961c8d1944b238e720f62c046cebde1092cf569f9ccf9138508d6ebe5,4,16,96,967,1272,-0.010416666666666666,0.1015291077584267,0.0,0.0,0.7395833333333334,0.4388619673529353,0.75,0.4330127018922193,-0.010439272997622892,0.016430922256776677,0.0009459651031014693,0.0021567686842423645,-0.03258408489637077,0.024213023148565382,-0.624473512172699,0.820944531735652,0.3624876141548157,0.1583174622490228
taskD,shard_w0_066,data/labels_taskD/shard_w0_066.npz,12016866,513bcf06d86918bfebffb232b8413d1ee4958c64b442fc90eeda9147a6df69a2,4,16,96,800,1221,-0.078125,0.26161184072654914,0.012657047636410708,0.03986820256612956,0.8984375,0.2659694457898313,0.9765625,0.0658292951029403,-0.017205601959631167,0.03642595738340952,0.0017654228071506959,0.003539204216759762,-0.059808080695802346,0.0473710555379074,-0.961610754330953,0.9558926369061639,0.33647739980369806,0.14559425084199004
taskD,shard_w0_067,data/labels_taskD/shard_w0_067.npz,12018195,32d8d62426b28e05b4ba7dba2283f5e39ae5f6307e7844e329b246dd806b4260,4,16,96,736,1184,-0.026041666666666668,0.14758986786775785,0.008902644237369478,0.03192766327246007,0.7239583333333334,0.4370967884010995,0.75,0.4330127018922193,-0.012632351406750786,0.027492821675220158,0.0011921337705480958,0.001616142070692126,-0.07224449323257431,0.03341874149869334,-1.1719036499659221,0.9545005100028404,0.3739603627473116,0.1560243016378514
taskD,shard_w0_068,data/labels_taskD/shard_w0_068.npz,12015310,2453fbb1c78377c616bbaa5ea875fd72032d3fc8efad454b601da7f15b8c3118,4,16,96,713,1155,-0.037760416666666664,0.11427960455170055,0.018876311457237307,0.050527490346587274,0.9622395833333334,0.11427960455170055,1.0,0.0,-0.006391187738245208,0.013869364055444854,0.0012684404960108585,0.0021889807273071534,-0.0501414782484062,0.028860454445974036,-0.7435008883476257,0.8033904505074071,0.37319731526076794,0.1590359692006052
taskD,shard_w0_069,data/labels_taskD/shard_w0_069.npz,12018374,22c01a50be4dbbc04a068f1db57e4bb9f59758da89024f83d5cf35ee5867e1a7,4,16,96,725,1115,-0.041666666666666664,0.18458380361113907,0.016141027635782932,0.0492444321327125,0.7005208333333334,0.44395504603428665,0.7421875,0.4295454310591023,-0.01702147114845805,0.025753498353882777,0.001830869432117204,0.002463529777033023,-0.061143625411204994,0.034672777196995554,-1.036160280307134,0.8794223679342937,0.33733479864895344,0.14268665272344683
taskD,shard_w0_070,data/labels_taskD/shard_w0_070.npz,12020460,b1f9e401027765836c72382029618d5bc41ebf71132d28e2a657c6af844b127f,4,16,96,709,1212,-0.0013020833333333333,0.012691138469803338,0.0012179873968945689,0.011871472672100576,0.4986979166666667,0.4988576767599416,0.5,0.5,-0.006905273379324821,0.018349597115237155,0.0012519689284807114,0.003136927615615336,-0.044857001089525284,0.03915215550394838,-0.896778384844462,0.8926798138332542,0.34433219861239195,0.1515966866240434
taskD,shard_w0_071,data/labels_taskD/shard_w0_071.npz,3010037,0aa4c425dfffe835e1079d33c6917f85917c3e0e0acca6803452f680d808d2aa,1,4,24,1298,1298,0.0,0.0,0.0,0.0,0.0,0.0,0.0,0.0,-0.018388084676795795,0.013381957248431366,0.0009259376621704628,0.0016064825292963713,-0.03833990544080734,0.021329271904938652,-1.1575303475062053,0.7668033699999823,0.3619246706366539,0.1525189129241142
taskD,shard_w1_000,data/labels_taskD/shard_w1_000.npz,51064853,80ff2aeaed764af413da1319056797f8d776141ae799561c061d71585138d7c5,17,68,408,701,1289,-0.010723039215686275,0.31736395766699355,0.04130756449997457,0.07037400739542254,0.38449754901960786,0.4516549687297887,0.3952205882352941,0.4489623934725437,-0.013606644238305267,0.02837728478094342,0.002596866939739756,0.0036006060001903904,-0.08074003880199812,0.051112032755231074,-1.1585164747986139,0.9516284890016303,0.34004949274308544,0.14685384636919036
taskD,shard_w1_001,data/labels_taskD/shard_w1_001.npz,51074313,781453c6d57cb48399a22cc80fe864a2ddedfd2877884a688c0f0ccf38d6475c,17,68,408,751,1278,0.00857843137254902,0.2605082019059755,0.030905867503006248,0.06470039888220043,0.6390931372549019,0.44842853186232123,0.6305147058823529,0.44527432035990167,-0.011348330242770106,0.02276989978897783,0.0020633538469837565,0.0031950280721296286,-0.07427753519047708,0.04595992763398737,-1.0177538278056126,0.8807825767545066,0.3338580879875842,0.14302643152572533
taskD,shard_w1_002,data/labels_taskD/shard_w1_002.npz,51076967,c470a07f287eec6b4e09016d74f5042e76d2bbb8539569a90ca5622acded5962,17,68,408,738,1225,-0.023590686274509803,0.32490501871741584,0.046964218213728724,0.0760525061597989,0.47457107843137253,0.4600339659740543,0.49816176470588236,0.4478772681902842,-0.008695942527655168,0.022254117104906282,0.00218439157157922,0.00291927996402328,-0.07990248197379782,0.04114046081117092,-1.070008965099559,0.8441296266242492,0.3462607181247543,0.14673448549465862
taskD,shard_w1_003,data/labels_taskD/shard_w1_003.npz,51078274,0e310e21ce1e4c3ba3fcda9f7fda920fd6387c0e62a769959a42728b7d9b85c7,17,68,408,712,1269,0.011029411764705883,0.2703726896189977,0.03548590497041565,0.07004639904880894,0.5606617647058824,0.46474645555380734,0.5496323529411765,0.45934921690467073,-0.01018105163048038,0.027121451405411442,0.0027772654598634482,0.00453332143114449,-0.08764985240721966,0.053075149914892684,-1.1533749687905406,0.9406765199122169,0.33592297366875057,0.14595108381321287
taskD,shard_w1_004,data/labels_taskD/shard_w1_004.npz,51055717,d3fb99b028305dd32e7f18dd10c2a92af149b051b2750bf4eb4ba2de109b6be0,17,68,408,717,1271,0.030637254901960783,0.24500917506692324,0.021450837843265323,0.05358789991288917,0.6390931372549019,0.4618078139353277,0.6084558823529411,0.472548050274614,-0.00561463586059264,0.024087614057723885,0.002190225862782569,0.004161468322101969,-0.07077333575013173,0.059885350228601,-0.925597634969973,0.9296370320238252,0.35682252312407775,0.15378387868546806
taskD,shard_w1_005,data/labels_taskD/shard_w1_005.npz,51069726,512daa15e12c126c1de1da76d15846132ad96b03d8b04e8abb930afc2bafefe2,17,68,408,759,1288,0.008272058823529412,0.23720418523668688,0.03669155826124904,0.07216113802891648,0.5101102941176471,0.4730129232698676,0.5018382352941176,0.4630127558366768,-0.014787224671696672,0.030425676756276637,0.0030540882961276818,0.004640868419817137,-0.07999443516960394,0.04796807752480633,-1.1443013396917605,0.9703922259195875,0.3372045204262523,0.14806749286748747
taskD,shard_w1_006,data/labels_taskD/shard_w1_006.npz,51070977,7038198a2cc88455ff03fb2b5c3a3e8fd69c315b6e5271e5aca2cf6a9f32b20a,17,68,408,720,1293,-0.0070465686274509805,0.09379154132180471,0.005843816479044837,0.028515984554026725,0.4635416666666667,0.49182547441495617,0.47058823529411764,0.49913419848462176,-0.010345477922339573,0.019252402562804645,0.0017473888648183208,0.0030624519777361424,-0.07213893630122424,0.06722124086696112,-0.9349980588052788,0.9394134523362995,0.3301288721096866,0.14804752623440595
taskD,shard_w1_007,data/labels_taskD/shard_w1_007.npz,51062411,fe75e30951b8d7f94f275183641350c7f7def6ba60606fb715ac5dfc1b4e0a2a,17,68,408,708,1259,-0.011948529411764705,0.19385394693669614,0.00502835037016152,0.027126739408786568,0.6939338235294118,0.4542031678439708,0.7058823529411765,0.4556450995538137,-0.011133634401766752,0.022818027601815727,0.0013825943609504416,0.0025166184773663374,-0.05119608251912081,0.038040365236741334,-0.7645890689363667,0.8817077860402817,0.34597717707647996,0.1523296424143732
taskD,shard_w1_008,data/labels_taskD/shard_w1_008.npz,51070232,02175ed0114aa7143871912c93d5e4253d7a1f3783226c7272e010fe673d348f,17,68,408,703,1260,-0.018995098039215685,0.1333857555359355,0.008078387095179043,0.03218331851717258,0.6832107843137255,0.45691847717690226,0.7022058823529411,0.4537575006290944,-0.00797887214029732,0.018149007974438382,0.0016120649593044476,0.002421234291594949,-0.06568865291132277,0.040728634091447,-0.9437299078586054,0.8948906227858646,0.34271222966558795,0.14490895869227474
taskD,shard_w1_039,data/labels_taskD/shard_w1_039.npz,12020631,e5b77192cbdc96ff7a2a247b1c4e441a833c0d2cdd37103e37c76f5fe90e8176,4,16,96,705,1069,-0.044270833333333336,0.20410753289048125,0.017717498455166864,0.04523401577684247,0.7213541666666666,0.4263761294123287,0.765625,0.4071504443998557,-0.005474889525255359,0.016250533240193172,0.001421633709797829,0.002184322094628256,-0.05520220439939294,0.047254285211340646,-0.6327348947525024,0.7874630002435332,0.3222821312956512,0.14618129175607006
taskD,shard_w1_040,data/labels_taskD/shard_w1_040.npz,12023172,109f2505a2b36e04cc0c246ff23845cb993fba5e8033bab9c339c0ab7a82e772,4,16,96,710,1174,0.0,0.0,0.0,0.0,0.25,0.4330127018922193,0.25,0.4330127018922193,-0.0179760198051729,0.022075447460682886,0.0019079508714482131,0.0026575852429978272,-0.07472604245413095,0.031259781552269224,-1.1969874997933705,0.8513943713141603,0.32543387776240706,0.14040395519360374
taskD,shard_w1_041,data/labels_taskD/shard_w1_041.npz,12023405,827e4f560eb7efeb625b3c93f29974d7d62c81527eeeea96d28f6375c39d9371,4,16,96,915,1297,0.041666666666666664,0.21625561970861143,0.028084564139520544,0.053982002807887716,0.5260416666666666,0.4756152357006192,0.484375,0.48588474392081915,-0.013822695216982575,0.02353595296420992,0.0016666900168550455,0.0022972655246833794,-0.06439077359846124,0.03480731314858664,-1.0656163692474365,0.946423713379919,0.3208131608553231,0.13752418599889257
taskD,shard_w1_042,data/labels_taskD/shard_w1_042.npz,12020969,a43d5163e4f7af4aad45db96d16332b7f82d3b4e81167974f48373f701a1b875,4,16,96,892,1124,-0.10026041666666667,0.2923836750455807,0.03047091233627712,0.05973089565119787,0.4153645833333333,0.46718307260536857,0.515625,0.48588474392081915,-0.011699447003062838,0.029835745189069635,0.005884719298937305,0.00709935949123983,-0.1470437773532467,0.09582504210705978,-1.3826322853565216,0.9489597669250136,0.34457853343337774,0.1447700872823299
taskD,shard_w1_043,data/labels_taskD/shard_w1_043.npz,12015047,10472149667e8dc5e9fb8733e2fa39ded768d4d508a65a8fdfbffa4f59432c20,4,16,96,778,1265,-0.01953125,0.12012380359489191,0.004218925877720812,0.023920852333135786,0.73046875,0.43836526229858147,0.75,0.4330127018922193,-0.010277981006652226,0.02223640119114356,0.0014051883165355668,0.0025788973246528802,-0.05771732231369242,0.04923793471977524,-0.877116193373998,0.9821696215112622,0.3336484208703041,0.14774188819878756
taskD,shard_w1_044,data/labels_taskD/shard_w1_044.npz,12017234,6d17cb832dc36df88ac7e7f045ae0da521da5a9de724300cbdb75671fed75fac,4,16,96,880,1296,-0.036458333333333336,0.21493448210378488,0.014528058743162741,0.040751444287181485,0.7135416666666666,0.4352309711680557,0.75,0.4330127018922193,-0.006360600090658863,0.019532883669431823,0.0025795566541097527,0.0037803709035770703,-0.05906204925850034,0.04904863663463737,-0.7371951738993326,0.7417931473385035,0.34566360153257847,0.15002697366132636
taskD,shard_w1_045,data/labels_taskD/shard_w1_045.npz,12017358,fab1cd6a597586b48fa10f33caeb58eb75d132953322c5ddb04f2dbdae8e59ee,4,16,96,818,1149,-0.022135416666666668,0.18836155502736324,0.020429494496457704,0.049097839836481166,0.5794270833333334,0.48146633113489157,0.6015625,0.47024501176913086,-0.01963968615719125,0.03011329607177008,0.002515533285603966,0.0032617894063160153,-0.0794585808625925,0.041573005360548095,-1.141221970319748,0.9561871201568514,0.3557940050959587,0.15718994343247958
taskD,shard_w1_046,data/labels_taskD/shard_w1_046.npz,12005451,a2831dd14790dfa09a0d65c95e65b4ae2d76ed4cc3cadf9822f982dac777e4d6,4,16,96,749,1224,0.018229166666666668,0.12626852002500688,0.0015947198560020632,0.015543406474035472,0.5182291666666666,0.49770932529202117,0.5,0.5,-0.002123851383468415,0.011391018540904808,0.0004016586168571819,0.0009115096844185513,-0.034198059438494965,0.03470615468841265,-0.4423013726870219,0.7116396302115633,0.36765061132609844,0.1650324271083903
taskD,shard_w1_047,data/labels_taskD/shard_w1_047.npz,12018906,d650841f18b7fd6511511ad0adb4f9abc72e9e7aa3c816b308d16073d37ca2ba,4,16,96,947,1242,-0.0078125,0.10334966058846057,0.0024359747937891378,0.016700201801501488,0.7421875,0.43481785728097305,0.75,0.4330127018922193,-0.010042902535220813,0.02389182455521233,0.0013816070809067754,0.0029275548227467954,-0.059185391291975975,0.03472321382403566,-0.7894390523433685,0.8265179643724517,0.33008630853146315,0.14138489055945153
taskD,shard_w1_048,data/labels_taskD/shard_w1_048.npz,12017241,50cfe7c0ebcecba42e7c8c8c345a773ca72cce6a97e452d213b4b7c2ff51cc71,4,16,96,815,933,0.01953125,0.29991759122038425,0.019470862341686473,0.04989526846004248,0.58203125,0.46938433641679767,0.5625,0.49607837082461076,-0.007955833063874707,0.02107590896324122,0.0011981479537008881,0.001960556962685251,-0.06172929528111126,0.053437745972581684,-0.9491797983646393,0.8739066897853125,0.34692600928246975,0.14689898244559702
taskD,shard_w1_049,data/labels_taskD/shard_w1_049.npz,12022123,96bb785796d23ddefc5ae3271ebee1a72b751e69284d308163dceaad89b8320e,4,16,96,783,1081,-0.01171875,0.1068581325017934,0.005248682046685771,0.02537396348857009,0.48828125,0.494460895469437,0.5,0.5,-0.004193165085588646,0.012319289945517654,0.001965828997895186,0.0024747180997786327,-0.08580341066408437,0.05938267112309917,-0.8346156477928162,0.8971910622947888,0.33657514210790396,0.14351058054739524
taskD,shard_w1_050,data/labels_taskD/shard_w1_050.npz,12022558,2169108360ff6313eb6a7aecdc51da2eea5318b31b484c3638cf4a63694950a8,4,16,96,819,1141,-0.08203125,0.24923589282733236,0.01149726306167616,0.038932790240851674,0.66796875,0.45673067038840026,0.75,0.4330127018922193,-0.004504255301905384,0.026558452434793624,0.004580588479759025,0.006041330348056686,-0.09806165759800933,0.07278014813481377,-1.2040079832077026,0.9983127937150097,0.3531260071322322,0.1437133159817751
taskD,shard_w1_051,data/labels_taskD/shard_w1_051.npz,12022681,f18577834de93c6de870d8bbf3f2d9e2f9119e540a5293ea5c76bc4bb750ad55,4,16,96,735,1195,-0.040364583333333336,0.1870609370294247,0.013131101668783993,0.04741977866724131,0.6861979166666666,0.441571380125184,0.7265625,0.4289766847903858,-0.027585900967093475,0.04485331197097502,0.004084023776769024,0.0053982820064783265,-0.09215919976122677,0.04906976892975911,-1.147889385620753,0.8307472291708453,0.32048032293096185,0.13979410428255545
taskD,shard_w1_052,data/labels_taskD/shard_w1_052.npz,12020204,4744ca869eb2429bae107b32f95a12247bde4de01e54dd7da98001e849639262,4,16,96,844,1035,-0.016927083333333332,0.16199821531885175,0.017064474745309404,0.04570749086929694,0.7252604166666666,0.4233653427397662,0.7421875,0.4295454310591023,-0.008091849631872114,0.015565613143339966,0.0017187196158670451,0.0022367414054938017,-0.06632427289150655,0.037055895310950375,-0.883075108130773,0.8438545255034805,0.3318583155050874,0.1399755587798411
taskD,shard_w1_053,data/labels_taskD/shard_w1_053.npz,12023512,5b8dce450b816c1cf40a142ae96b80681a07fbc4ee60a90ca6706e3d9be6e555,4,16,96,757,1159,0.005208333333333333,0.030812915536977174,0.0040306946497912005,0.022643427971118006,0.005208333333333333,0.030812915536977174,0.0,0.0,-0.018303184528425238,0.022323951086152292,0.0024057288922833407,0.0023521285063651085,-0.09030730649828911,0.03176252182320118,-1.600405087073644,0.9927119330756888,0.3428474385291338,0.14486881060017662
taskD,shard_w1_054,data/labels_taskD/shard_w1_054.npz,12019672,13502fb1b5dc5d80697d5b6cb7278c96c47370335e5a0bf414c78b0ea64acb14,4,16,96,1088,1292,-0.02734375,0.14790543347897725,0.004218925877720812,0.023920852333135786,0.72265625,0.4423846089689425,0.75,0.4330127018922193,-0.013278766844232329,0.02501555173937824,0.002844449458754641,0.0055828957501212325,-0.0662486091896426,0.04520203524741466,-0.8673682510852814,0.8450213273886572,0.3359226565808058,0.1449679672992456
taskD,shard_w1_055,data/labels_taskD/shard_w1_055.npz,12024680,b8e642678c96b284d904fd5b2919c520322850f173f63a522ff5ad6a1b01cd02,4,16,96,925,1227,-0.03515625,0.17650314728809843,0.005248682046685771,0.02537396348857009,0.20703125,0.39397650768386033,0.2421875,0.4203531578848314,-0.014946002906128797,0.033315841423253965,0.0046379601319720964,0.004214671206766392,-0.10646137647563592,0.06939569100565207,-1.3558956285317738,1.0366347250813026,0.3105960041284561,0.1313249560228782
taskD,shard_w1_056,data/labels_taskD/shard_w1_056.npz,12015635,4a94619548861c742e04169037e862dc6836185dd30c251dde28e6a460b34dc7,4,16,96,875,1137,-0.03515625,0.1600609472542803,0.007219864358547055,0.031392216005747944,0.46484375,0.4903705301462737,0.5,0.5,-0.015575573134191481,0.029344306710418745,0.0025318420788562434,0.0036457516086059465,-0.0872338707158633,0.08006821776498997,-1.0374298989772797,1.0608589816674256,0.33704471960663795,0.1443243303744644
taskD,shard_w1_057,data/labels_taskD/shard_w1_057.npz,12016349,5fc9f4472e8a6b6329c81682d10587cbbb5070f370730bacf1573b74bdc83ab9,4,16,96,747,1273,-0.006510416666666667,0.1724609252115574,0.011627561470694022,0.03889407365572012,0.7434895833333334,0.421342175741,0.75,0.4330127018922193,-0.009602503242225188,0.020810500923171573,0.0019737723833083147,0.004453910564396468,-0.04782377825176809,0.04427314221279236,-0.7993165453275045,0.8570944778569743,0.35868887323886156,0.15572215505969428
taskD,shard_w1_058,data/labels_taskD/shard_w1_058.npz,12016196,4217f136711383b5f33e1a84ccdf4032c5745d16c61fb2796fc22b468dbf9863,4,16,96,841,1140,0.09244791666666667,0.3283703406531408,0.015517591123337532,0.04446138824760866,0.8346354166666666,0.35653077005450695,0.7421875,0.4295454310591023,-0.007727532497862437,0.031839212522285686,0.0014124937632391706,0.003078805898061161,-0.05297743470873684,0.03370596002853514,-0.7640610734621683,0.7961164699822115,0.35745645593851805,0.15450339811375194
taskD,shard_w1_059,data/labels_taskD/shard_w1_059.npz,12020094,6a31eceb5a89cef32a6b299794e03792d55d4def0db7dba38daf108f2aabd904,4,16,96,762,1168,0.02734375,0.16056857492238064,0.007408365589724938,0.031990684013737496,0.52734375,0.49053645863748413,0.5,0.5,-0.008379017232300612,0.01370928944887273,0.0011821468277049632,0.0016480141712967447,-0.062224145185609814,0.04796088882940036,-1.144789218902588,1.0510274681944596,0.34899635054171085,0.15062925357268028
taskD,shard_w1_060,data/labels_taskD/shard_w1_060.npz,12019028,be1ba01bfd8a6b356f6c99f0a6fb256ba688d74c50b1fe7c64250082d3172c2a,4,16,96,969,1028,-0.01953125,0.23338549802869965,0.024506497227748322,0.061429778804255326,0.94140625,0.20567559297172536,0.9609375,0.12278307535548212,-0.005045951429499003,0.015182040380778349,0.0019804691711993064,0.0025470425851637063,-0.057926794652303215,0.04563720689065712,-0.7225203216075897,0.6764424030559957,0.3609483577311039,0.15582835407377174
taskD,shard_w1_061,data/labels_taskD/shard_w1_061.npz,12020431,387c647c0a09df4dc32ac3fecc8a5c558434046d5c2af74d859400ff70a75bc4,4,16,96,718,1171,-0.02734375,0.1574982690463745,0.019588239558670627,0.046029796680022377,0.45703125,0.4854082142280909,0.484375,0.48588474392081915,-0.017547045250315325,0.0218541159548266,0.002415480294443689,0.002543482670273748,-0.08175677584949881,0.04315016076756559,-1.3446556727091472,0.9099471073235186,0.3504641754552722,0.1469470946119569
taskD,shard_w1_062,data/labels_taskD/shard_w1_062.npz,12025649,f369ff9a28daac60b0ca5938981ee142549701b2555bd817e8cc92f1d900354e,4,16,96,780,1257,0.0,0.0,0.0,0.0,0.25,0.4330127018922193,0.25,0.4330127018922193,-0.019101885715523775,0.0360341474612534,0.006247592479616902,0.010647043667550217,-0.14007136354484828,0.1351924286034636,-1.1629206637541454,0.9964879699247459,0.3151908037252724,0.13807862007039218
taskD,shard_w1_063,data/labels_taskD/shard_w1_063.npz,12009664,81ace617b97dc4788bc2eff23560cd09ae342b9dd712967dfa78e1d3218dca87,4,16,96,889,1237,-0.009114583333333334,0.07706529560915465,0.002812707252896632,0.01945879366376915,0.7408854166666666,0.43460530153308036,0.75,0.4330127018922193,-0.005106987706994914,0.013269901973771508,0.0007698861128908607,0.001332141694052049,-0.04733363474952057,0.05340993747619955,-0.653426319360733,0.8447426520184239,0.36175790522247553,0.1598604058579956
taskD,shard_w1_064,data/labels_taskD/shard_w1_064.npz,12020357,72f71427c96a6d0cf1766782f3ec4f48e722a3df3d9700af750b6e7275368bfb,4,16,96,897,1287,-0.036458333333333336,0.17484802428744287,0.0048719495875782755,0.023365049412098295,0.7213541666666666,0.44322121026936295,0.7578125,0.4203531578848314,-0.0038492767442524687,0.013327240578778625,0.0025287032150885552,0.003966093503139706,-0.08083694102242589,0.05488323937442772,-0.9464910924434662,0.7558638260708146,0.3286360464990139,0.14624957624959875
taskD,shard_w1_065,data/labels_taskD/shard_w1_065.npz,12019999,713e940eb6e6c3ac8be2133fe91a4a2d1c892337f18a06f4953ed56645c7d6f8,4,16,96,782,1241,-0.036458333333333336,0.17391466517774998,0.015004692404131215,0.04486440662560058,0.3072916666666667,0.4574743370914069,0.34375,0.45177600921253,-0.008783929729456,0.01498118230440619,0.0015910651228234918,0.002556444283677158,-0.044695403368677944,0.02254845274260072,-0.7578751146793365,0.796623175065408,0.3663177527487278,0.15416412000698052
taskD,shard_w1_066,data/labels_taskD/shard_w1_066.npz,12018763,f82d4d7c2b74dc7b2dddf0664c38d52f0811f54c5d323e3209d4e4db95548a8e,4,16,96,761,1283,0.0,0.0,0.0,0.0,0.5,0.5,0.5,0.5,-0.018781685720502612,0.021904589674003612,0.002058597162557497,0.0028946682214471787,-0.05843539420311572,0.03672450865468334,-1.2204256653785706,1.0333755994643294,0.36080938298255205,0.15357453041432156
taskD,shard_w1_067,data/labels_taskD/shard_w1_067.npz,12021184,f84cd586cdddefeac35e4be6b56f317d5c624b0b420f6749a1b39291c1662d3b,4,16,96,802,1245,0.01171875,0.18669804627197048,0.010367335687601951,0.034856085279300675,0.27734375,0.4386900203096383,0.265625,0.4259066615762191,-0.012577774114295911,0.01724226464335894,0.00213882999814664,0.002471894582351012,-0.09048682427965105,0.04497867273145899,-1.192775438229243,0.968470870214519,0.33020323514938354,0.14352098365400814
taskD,shard_w1_068,data/labels_taskD/shard_w1_068.npz,12012591,f74c381f51e767f97bcead9d9e9daf35d2a1a998299124900e7bd84926ce6223,4,16,96,776,1125,-0.010416666666666666,0.1015291077584267,0.0,0.0,0.4895833333333333,0.49989148127924277,0.5,0.5,-0.010528827225471105,0.0145084593151858,0.0006985768733831682,0.00160034852721179,-0.040106601856678026,0.03043499750895966,-0.7947126825650533,0.8698696462639918,0.35139865428209305,0.15105314680626986
taskD,shard_w1_069,data/labels_taskD/shard_w1_069.npz,12018127,270d07e0222e5309a535e85d5dc592a8199895fe8e4be4bd0eda5ec80a37c887,4,16,96,910,1231,-0.036458333333333336,0.15086196206208577,0.009756280360693715,0.038092505538426046,0.9635416666666666,0.15086196206208577,1.0,0.0,-0.010279751727357697,0.01606484830778373,0.000590637253065169,0.001307855566327898,-0.0265333904644649,0.01917515195409873,-0.5915909906228384,0.7793951106980246,0.36258743796497583,0.1547219217707956
taskD,shard_w1_070,data/labels_taskD/shard_w1_070.npz,12020537,ca7c5c2c9e83ab7c04ee87b786408e911816b56b78792cb2222131c062242929,4,16,96,790,1248,0.041666666666666664,0.20063916962768982,0.0024359747937891378,0.01670020180150149,0.2916666666666667,0.4520161240363986,0.25,0.4330127018922193,-0.012830920289805666,0.03240207742100288,0.0035730816077735477,0.005893941354689143,-0.09762083203531802,0.06645590064784983,-1.115994890530904,0.9622074416716452,0.3353884583339095,0.14486651272172926
taskD,shard_w1_071,data/labels_taskD/shard_w1_071.npz,12020437,5ccb1441af1df747220af6ba2eafb8310f85b0b5e224bc2d7e879477218fb0eb,4,16,96,908,1107,-0.029947916666666668,0.20392055079693758,0.011033010586244852,0.03958423863890328,0.4700520833333333,0.4853802712348258,0.5,0.5,-0.006932924906929354,0.016480345708596293,0.002209547233914849,0.0036476307049822247,-0.09687239676713943,0.06610153405054879,-0.8924223283926646,0.7203826473065587,0.356960941106081,0.155294502911646
taskE_svamp,shard_000,data/labels_taskE_svamp/shard_000.npz,12011439,c381e7a87e3b369b0e037c33fe1b4530152c5596ce32d625b9d5d54f05772400,4,16,96,46,176,-0.0390625,0.17798102734210183,0.011882417975768498,0.04351222103460294,0.703125,0.44533534298136873,0.7421875,0.4295454310591023,-0.002795060159679489,0.014600587462896738,0.0014218355190683252,0.003360782698156855,-0.03394432016648352,0.0363992256696388,-0.4898471136887868,0.7290332651550916,0.3665966037660837,0.16422829984545745
taskE_svamp,shard_001,data/labels_taskE_svamp/shard_001.npz,12015098,8592ad4e9ef347db879f1542e69aa29f7a92176a8e7cc2b851701977d77c5e68,4,16,96,28,255,0.00390625,0.19719148256015226,0.03420849244756,0.06980157273678493,0.73828125,0.3865740470014822,0.734375,0.36677170607204695,0.0004034657495518938,0.03086742404201014,0.0038923502959435016,0.007451890797351646,-0.07989606009505223,0.08091533630415108,-0.758157084385554,0.912829078054369,0.36020426359027624,0.1561579843157782
taskE_svamp,shard_002,data/labels_taskE_svamp/shard_002.npz,12013724,2497ba2dd7335f64e33ea00452fed18faa5cb1359781c5ee95cc24ba8927ec63,4,16,96,25,263,0.0234375,0.1676201566849385,0.015193193635309098,0.045252764782279256,0.4765625,0.46851122390726496,0.453125,0.4674461031766122,-0.006625504060301102,0.01685741921803732,0.0023662365927202673,0.004473059625229825,-0.06996357491152594,0.04987944943787652,-0.8130482037862142,0.9048280319619008,0.371829891577363,0.16018672393161132
taskE_svamp,shard_003,data/labels_taskE_svamp/shard_003.npz,12021478,2e855c839f568c4168f72e22606434918e69ce5d4bb6317a75f2542fb8f322d4,4,16,96,87,231,-0.06901041666666667,0.2863369771350295,0.08240718498464972,0.09079674706647148,0.6497395833333334,0.3918189219522538,0.71875,0.3262595784034547,-0.00977397928016425,0.02951150512123373,0.004588116622099688,0.004952262616058713,-0.08511251866002567,0.05558502738449347,-1.1647234857082367,1.041018142574594,0.35229851026088,0.14678332736612149
taskE_svamp,shard_004,data/labels_taskE_svamp/shard_004.npz,12010646,572084582b1dba56e65a7d61f4c8af3df59a9f052d0164bfc2868e0aa49f7cbc,4,16,96,65,262,-0.014322916666666666,0.16621337283191062,0.018616254645698126,0.05022038822082398,0.9466145833333334,0.17561720740669576,0.9609375,0.12278307535548212,-0.0007357598287558442,0.007790205572638701,0.0010252387270527252,0.0017229549689882042,-0.01969315384849324,0.0222383120036668,-0.3277296523253123,0.5643177435903244,0.3724181763827801,0.17051707947467076
taskE_svamp,shard_005,data/labels_taskE_svamp/shard_005.npz,12012519,f8439d9f25c651b7f39bfcaa92e6db414c703b21cbdd56a3cb75fddcf6e94a98,4,16,96,14,282,0.05078125,0.18184002831730284,0.0379490146064323,0.0794439247287493,0.08984375,0.21248707451498666,0.0390625,0.09600160724566022,-0.014309204394342837,0.031881633587610377,0.004307139944148158,0.007238109452591742,-0.06322677095727158,0.07070754209015359,-0.8751515646775564,1.1042926458934383,0.3552067447453737,0.15752455369018997
taskE_svamp,shard_006,data/labels_taskE_svamp/shard_006.npz,12018321,1b3a9a376f457e4f12dd263a30ec85d86c2b12ea4b22fb626e022ada1b16e227,4,16,96,79,224,0.059895833333333336,0.26576538365503055,0.05441671950157289,0.08149653431399087,0.6223958333333334,0.43971876616306954,0.5625,0.414578098794425,-0.005124583509617271,0.03554977173865946,0.005209641383795069,0.0059587933703771434,-0.11429571939515881,0.07486177126448701,-1.2750684817632039,1.0568886169481384,0.36499677784740925,0.15360401241139848
taskE_svamp,shard_007,data/labels_taskE_svamp/shard_007.npz,12017590,2c6af25bdc6a6bb98bb0109136eeb15806ed4ae6d07390584e21f96edd9c1f31,4,16,96,91,202,-0.06640625,0.22746989627407294,0.04383984680533198,0.0744627547391192,0.55859375,0.44486111077234447,0.625,0.4026280852101602,-0.0075488778317260126,0.030609609884771037,0.004205955278117416,0.005934930174128481,-0.1027156405034475,0.06670458444401602,-1.0180718998114269,0.9321191993665133,0.376893961802125,0.15869832163100392
taskE_svamp,shard_008,data/labels_taskE_svamp/shard_008.npz,12013530,cb7851e684f1aa66097743c3a9fb4f342eb6146c5ade2c465de1de9bf34c2340,4,16,96,1,118,-0.005208333333333333,0.14868856691271043,0.0031894397120041263,0.021865697034302866,0.7447916666666666,0.43147513245905095,0.75,0.4330127018922193,-0.010286177827096546,0.02214357291326084,0.001710730106546702,0.003320312610544195,-0.06414680636953562,0.07574842998674575,-0.811383326848348,0.9769112014113617,0.3574819369241595,0.15567187586424827
taskE_svamp,shard_009,data/labels_taskE_svamp/shard_009.npz,12018833,e73b27fd8bbbe7d0b2a417eab8acc09d2096417a5fe7646544e725260a157bfb,4,16,96,157,285,-0.018229166666666668,0.34468583156642646,0.06943432497568888,0.09100048350045653,0.20833333333333334,0.3275871915315914,0.2265625,0.3068831147094118,0.002568048452928906,0.056800335891453675,0.010902624248137052,0.009893459866857666,-0.17672536079771817,0.08761160698370185,-1.3936151961485546,1.0081325079773442,0.3641401622444391,0.1544913126546507
taskE_svamp,shard_010,data/labels_taskE_svamp/shard_010.npz,12015848,2670de0e671a31adba532664fd4d804eac14c92a4acb4d31436b21d56a770b58,4,16,96,47,260,0.061197916666666664,0.22389397694517457,0.031941995399989244,0.06672726498000363,0.6080729166666666,0.4630274974914122,0.546875,0.4674461031766122,-0.007764681390706703,0.01960875672458411,0.0029677011332296978,0.004542842929031454,-0.06186950678602443,0.06259383682005842,-0.7467233836650848,0.7907584425242614,0.3529279790818691,0.15633330988023977
taskE_svamp,shard_011,data/labels_taskE_svamp/shard_011.npz,12013447,8a53fd2f26aba379eff3a091a3d50f67f6ad6d7045f72f3816211b69e144c04a,4,16,96,70,278,0.0546875,0.269917823624926,0.038640861929698546,0.07054509332642381,0.40625,0.4441459501109967,0.3515625,0.4289766847903858,-0.014344113662934754,0.023511551314773484,0.0027199875984112317,0.004292688917560954,-0.08359247424232308,0.06789257197785287,-1.1223597923914592,1.144997352935931,0.36572956573218107,0.15694955562207152
taskE_svamp,shard_012,data/labels_taskE_svamp/shard_012.npz,12020278,b235e308086a540339199d55a92712a2c064e63416b08cf8d38268bebcbfa5df,4,16,96,45,222,-0.1484375,0.3405688504944093,0.042006438809500606,0.0712137387520419,0.75,0.3793154470006901,0.8984375,0.2508530368437863,-0.025872785544189963,0.03269312650868713,0.0037018804021115557,0.0058263553142462714,-0.08046409481903538,0.057015824710951284,-1.6067249079545338,1.0421975668955632,0.37229032535105944,0.15503478880817737
taskE_svamp,shard_013,data/labels_taskE_svamp/shard_013.npz,12017941,29fc209f52ab30321948ce0ae0dbd0a1235169ab81aa11066d170f9a48476c15,4,16,96,31,295,0.041666666666666664,0.22072520937934473,0.034579985746076826,0.06237377288890016,0.17447916666666666,0.3264985317465285,0.1328125,0.30767763542992527,-0.02272095510575885,0.034694780692583,0.006204768782019553,0.007314545062758569,-0.16214053332805634,0.07715531332328847,-1.721503625313441,0.914884537049948,0.36054584849625826,0.1510030281825921
taskE_svamp,shard_014,data/labels_taskE_svamp/shard_014.npz,12020475,09eb33687d8ef2dfbc9b3b05d653abd2c921f504f7b692131672ff065653aa32,4,16,96,135,281,-0.009114583333333334,0.21136707159345575,0.055956327633577996,0.0840342811539852,0.5924479166666666,0.4251396797375262,0.6015625,0.3982842842665902,-0.013716544813898205,0.03657524248053498,0.006153676113316221,0.007911377591732351,-0.1291041281510843,0.09336539829202611,-1.1496236224969227,0.9492890929344704,0.3569006323814392,0.15321269049088312
taskE_svamp,shard_015,data/labels_taskE_svamp/shard_015.npz,11995640,fad44c40c77a3bb12a38a702af48120173aa9b56f98066ea024be06e769de136,4,16,96,74,261,0.00390625,0.07092470745518918,0.005813645733722874,0.028290433920750865,0.45703125,0.4894153496163603,0.453125,0.48588474392081915,-0.00019141389054766478,0.003162520062866063,1.650322950025357e-05,9.578321831401644e-05,-0.00833094003610313,0.012304890696531673,-0.11358773708343506,0.3428175487136299,0.3593534082174301,0.16612648055523788
taskE_svamp,shard_016,data/labels_taskE_svamp/shard_016.npz,11994564,b614b05af703bd6e1b75a75e8720afdc7fa965258880cf572749ed917aa1fb07,4,16,96,43,264,0.010416666666666666,0.1015291077584267,0.0,0.0,0.5104166666666666,0.4998914812792428,0.5,0.5,-0.0050011014892182475,0.018846851373170753,0.0017333052810659221,0.0037125920110361067,-0.041621958938776515,0.06700363163039724,-0.4881702661514282,0.9165796259518385,0.35235633235424757,0.1613007326976182
taskE_svamp,shard_017,data/labels_taskE_svamp/shard_017.npz,12011721,0ae2920644a802a7cc4f0ceffb0f13324cd67aa8253c37fa086f817192c370fb,4,16,96,8,194,-0.0026041666666666665,0.025382276939606676,0.0015947198560020632,0.01554340647403547,0.4973958333333333,0.49803623695065835,0.5,0.5,-0.008429731509645913,0.021008479002512046,0.0011130351652997995,0.002579243561773721,-0.05036914270021953,0.05886761945565337,-0.6249416073163351,0.9720199622680328,0.3760600471869111,0.16757597813435612
taskE_svamp,shard_018,data/labels_taskE_svamp/shard_018.npz,12001478,cbb7766a636da15bb13725eb28460ccf7c28b6a519b64a87f4cf6b82201a998a,4,16,96,6,288,0.0,0.0,0.0,0.0,0.75,0.4330127018922193,0.75,0.4330127018922193,0.000912939716276521,0.016332955733760233,0.00200222569362918,0.004928598094776029,-0.04279842049436411,0.07125745959160155,-0.3813684086004893,0.7034974318599897,0.36359728686511517,0.16601786569052485
taskE_svamp,shard_019,data/labels_taskE_svamp/shard_019.npz,11991490,5d4956d895dd85decb9d5e80cad7520142058f1238dc617117defaddba65ae4f,4,16,96,142,252,0.0,0.0,0.0,0.0,1.0,0.0,1.0,0.0,-0.0005871422283500275,0.003833519176765591,9.905242109217195e-05,0.000376582701710166,-0.007059696854412323,0.013253290794378628,-0.1653503676255544,0.39160974734442944,0.36686488427221775,0.16963664030953418
taskE_svamp,shard_020,data/labels_taskE_svamp/shard_020.npz,12008651,3295619ab422933377bd9b617b45d2b9249f5ca138efaf9f9fbcc80d644448f4,4,16,96,49,299,-0.015625,0.1213664603930317,0.008061389299582401,0.03151121485831207,0.7265625,0.43947193246791466,0.7421875,0.4295454310591023,-0.009488524573247522,0.018235219146284065,0.001387837893931856,0.0028217876946028276,-0.055023563756549265,0.04975688559159403,-0.8110739489396414,0.9524023058923304,0.3665294926613569,0.16007790092742943
taskE_svamp,shard_021,data/labels_taskE_svamp/shard_021.npz,11992902,93ed77e0a1ed4c3cf3c18780eccf419efee869e7b13a49a295ec73f80ac97c88,4,16,96,54,284,0.0,0.0,0.0,0.0,1.0,0.0,1.0,0.0,3.584006654477889e-05,0.0013144655750284488,4.474595240230616e-06,2.836034767198207e-05,-0.0038078269626566907,0.007940733720980376,-0.05737489461898804,0.1873184292835604,0.35307885333895683,0.16633295009811108
taskE_svamp,shard_022,data/labels_taskE_svamp/shard_022.npz,12000079,05bded8622b4e51c2fba7748b1c9f2d9a9e32f749444f2646e4e7205de1d33b4,4,16,96,188,228,-0.005208333333333333,0.04000596743681566,0.003000938480826243,0.02094243356050728,0.9947916666666666,0.040005967436815656,1.0,0.0,-0.0002542978879205293,0.0048611751197535445,0.00016357699578609317,0.0007518488934729518,-0.013187476570237777,0.019355419142983145,-0.17997077107429504,0.40488775053104575,0.37171552516520023,0.16850252850639263
taskE_svamp,shard_023,data/labels_taskE_svamp/shard_023.npz,11986970,61534a8d6e19860096bb3d81861b76abbfac739d2813ba4b8e02229efcb014f5,4,16,96,57,286,0.0,0.0,0.0,0.0,1.0,0.0,1.0,0.0,0.0002877337479626855,0.0008897223736792564,1.0677442642305027e-12,5.9478146826471456e-12,-0.0022470181684184354,0.003319894828191608,-0.03324156999588013,0.1092618446803016,0.3614152576774359,0.16985243808181716
taskE_svamp,shard_024,data/labels_taskE_svamp/shard_024.npz,12007386,b0b6dca36aa75aac2de0f686c4fa13eadc5c1fdf25314ca772f8e210cf88c0e3,4,16,96,132,246,0.0,0.0,0.0,0.0,0.75,0.4330127018922193,0.75,0.4330127018922193,-0.0034694813150792925,0.01278813317038695,0.0012432904272487604,0.0028086310154555546,-0.03978484132676385,0.04816286871858335,-0.6070464154084524,0.8180356202330438,0.3588794833049178,0.16041975666272318
taskE_svamp,shard_025,data/labels_taskE_svamp/shard_025.npz,12002017,554718e9b0735968d78dc4366731d0fc08a4f4f8d02b524c7a884bf54ca8b68c,4,16,96,98,265,0.0,0.0,0.0,0.0,0.7578125,0.4203531578848314,0.7578125,0.4203531578848314,-0.0018392675154927929,0.006538492020082838,0.00019919861516725672,0.0008193373148898372,-0.013312357583117773,0.02071859276695073,-0.32355056206385296,0.6341994888103315,0.3568544778972864,0.16257597223191383
taskE_svamp,shard_026,data/labels_taskE_svamp/shard_026.npz,11996595,37f75f0cf0dfd2bfd10d173ddb2fdfd0595a214edbe811b9e99d325f56111212,4,16,96,19,287,0.0,0.0,0.0,0.0,1.0,0.0,1.0,0.0,0.0004926773665564118,0.0026434658274617413,0.0003303671403087299,0.0010214306550099988,-0.0077323812402028125,0.011020283312163504,-0.142449418703715,0.3436877119504548,0.36762701347470284,0.16904087992192107
taskE_svamp,shard_027,data/labels_taskE_svamp/shard_027.npz,12000243,e93656b638c9a7090693c4ea69a4f369143b0bbbd33588066f82ae3cadb4a1ba,4,16,96,40,178,0.0,0.09021097956087903,0.00881485421779739,0.03440481831765268,0.984375,0.08510486790816767,0.984375,0.06051536478449089,-0.0025768985772269084,0.009228323797668374,0.0010578922145326674,0.0037081099788522933,-0.02703962058876641,0.040370603618968576,-0.39306501547495526,0.6268097601908054,0.35887145809829235,0.16484009988571155
taskE_svamp,shard_028,data/labels_taskE_svamp/shard_028.npz,12003291,8243152847b988ade081dd05acda89a958703916224b86b0da47d9e124c1603d,4,16,96,120,242,0.0,0.0,0.0,0.0,1.0,0.0,1.0,0.0,-0.0005205707182038092,0.004520354941408446,0.00023397815486217755,0.0009547461709293204,-0.014434077646001242,0.021834494653854366,-0.20847036441167197,0.4339991208570891,0.3666934296488762,0.16849875305276255
taskE_svamp,shard_029,data/labels_taskE_svamp/shard_029.npz,12009917,3d5a8172d87c53f6c11270043ed09dd304dba14fd07f306a1f97749aa5565e34,4,16,96,20,130,0.0078125,0.10946796644262345,0.003000938480826243,0.02094243356050728,0.5078125,0.49634487574375474,0.5,0.5,-0.007903844706182403,0.02538983698148925,0.0022892014427936536,0.003248733462748996,-0.08676208545875852,0.06268149079303663,-0.9334820210933685,0.9231591592942548,0.3695390857756138,0.15915395345647285
taskE_svamp,shard_030,data/labels_taskE_svamp/shard_030.npz,12012914,84c50cbb021eeadadb4b8b4ac172217b396ab063d53dcd52b2e821cc9638235c,4,16,96,11,189,-0.009114583333333334,0.05485774591911693,0.004783889564757916,0.02701631644641264,0.9908854166666666,0.05485774591911693,1.0,0.0,-0.004795426596076051,0.010972160632017473,0.0003770558398893006,0.0012311446654599107,-0.02804909122914978,0.027038562424264504,-0.5200173457463583,0.7188397236799856,0.354380686301738,0.16046611659503407
taskE_svamp,shard_031,data/labels_taskE_svamp/shard_031.npz,12009861,44bfd07a2114f6665a026e4e76aab68fad35881dafd8b5db8c96922b269d66c7,4,16,96,0,253,0.0,0.0,0.0,0.0,0.75,0.4330127018922193,0.75,0.4330127018922193,-0.0024616043864398307,0.017274098324679372,0.002697055312069275,0.006022917613719849,-0.057460203617665684,0.07176527916860938,-0.532080203294754,0.8454909007591551,0.35468288138508797,0.15856200255787511
taskE_svamp,shard_032,data/labels_taskE_svamp/shard_032.npz,11994686,0c2b7c16309929e136330d419b6d9c4b5d648f69f03db2fdcd0094e2b0684e32,4,16,96,72,229,-0.03125,0.17399263633843817,0.0,0.0,0.96875,0.17399263633843817,1.0,0.0,-0.0006142446011381253,0.006861845563942093,0.000427492682322503,0.001291614354171468,-0.016151151410667808,0.030164629985105586,-0.2232851187388102,0.4364795582513359,0.36035360116511583,0.1673370724673249
taskE_svamp,shard_033,data/labels_taskE_svamp/shard_033.npz,11998150,d0367a5b1488975bfccf7b42c1fc43fb3679cba05a6485718d95a89c91d4ef0f,4,16,96,9,165,0.0,0.0,0.0,0.0,1.0,0.0,1.0,0.0,0.0005705718799902115,0.0029778952952491397,5.876275721127024e-05,0.00017263876075375616,-0.009577708342476399,0.013920195250660091,-0.1319613258043925,0.31050762620209477,0.36509949807077646,0.16829677744335228
taskE_svamp,shard_034,data/labels_taskE_svamp/shard_034.npz,11995500,3d57c7eb1a715b0da2dfa5e63b77f498ba68c0e460ebe2ca51f58918df5f203e,4,16,96,88,147,-0.0013020833333333333,0.012691138469803338,0.0012179873968945689,0.011871472672100576,0.9986979166666666,0.012691138469803338,1.0,0.0,-1.0503526041816258e-05,0.0040761070057419085,5.100138834779445e-05,0.00023113768986456212,-0.011235408093853039,0.01874913837490496,-0.13246395190556845,0.3214046718657432,0.35356869269162416,0.1609591434337135
taskE_svamp,shard_035,data/labels_taskE_svamp/shard_035.npz,12004810,fc968ba30162541766549e7913e6645e85ab85245938475fd3225058a53cbec9,4,16,96,84,218,-0.009114583333333334,0.1713959153169246,0.002812707252896632,0.01945879366376915,0.8033854166666666,0.39352870421015834,0.8125,0.3903123748998999,-0.0018673317697369314,0.0053134597811928305,0.0003288243449940347,0.0012404590885780212,-0.014028474794031354,0.017537681423185764,-0.20474712053934732,0.38175334853912624,0.35228090919554234,0.15769349792499027
taskE_svamp,shard_036,data/labels_taskE_svamp/shard_036.npz,11993388,4d79e6bf54bfce5bfbc5c8227d8ba4afd504ac7fe6d7b5ebe66f9b739eaaef6d,4,16,96,53,240,-0.0026041666666666665,0.017853267188544387,0.0024359747937891378,0.016700201801501488,0.9973958333333334,0.017853267188544387,1.0,0.0,-0.0026818779157409267,0.008971552411052363,0.00017601675012049003,0.0012618904275599014,-0.025965619786802563,0.04333790821310859,-0.3028354048728943,0.6280135366786439,0.35238759871572256,0.16226328114009428
taskE_svamp,shard_037,data/labels_taskE_svamp/shard_037.npz,12003593,055b3e3923aba582777a37414eeb56129fd7a771dba3a043d6668d3d937dc0c6,4,16,96,7,279,0.0,0.0,0.0,0.0,0.75,0.4330127018922193,0.75,0.4330127018922193,-0.0028946393884297095,0.008457124577861826,0.0011746318007649556,0.00227438415955371,-0.03234225400410651,0.041144553183270746,-0.5101456940174103,0.7725958468860528,0.3654535822570324,0.16499260968880017
taskE_svamp,shard_038,data/labels_taskE_svamp/shard_038.npz,12004049,6d3c07ecbe1871e485190a3ae0bc53b3cab1ea171ebc4f715f218862404c6e57,4,16,96,78,292,-0.01171875,0.0903518242673467,0.003653962190683707,0.020344400468417068,0.73828125,0.43566509746413873,0.75,0.4330127018922193,-0.006739051274474643,0.023361976025822438,0.002792591119014093,0.00596032003968441,-0.06357352376289782,0.09249703767869609,-0.4970586796601613,0.8116923920545138,0.3569793663918972,0.15875945636947714
taskE_svamp,shard_039,data/labels_taskE_svamp/shard_039.npz,11993416,3248927ea97ade0e2d6052e8d4df838728bdcd5718769114f02d6c09eb55f9c8,4,16,96,152,267,-0.010416666666666666,0.1015291077584267,0.0,0.0,0.9895833333333334,0.1015291077584267,1.0,0.0,-9.372404611222389e-05,0.002039859035352945,3.0143245082224035e-05,0.00021728121757991204,-0.005273433904221747,0.009161094507878902,-0.1331836978594462,0.4351740775299824,0.36358962766826153,0.1689521944212583
taskE_svamp,shard_040,data/labels_taskE_svamp/shard_040.npz,11992543,bfc4c0385c27a9b3455978bf7fa7b2473a9ad35c70b4375fbfbe73061abcd498,4,16,96,15,293,0.0,0.0,0.0,0.0,0.4375,0.49607837082461076,0.4375,0.49607837082461076,0.0003641044318225539,0.008736021052496868,0.0011462451197011845,0.0031889462281491643,-0.009551980221658596,0.018740390597920688,-0.18799830476442972,0.4665259676697681,0.3627799665555358,0.16766186919216228
taskE_svamp,shard_041,data/labels_taskE_svamp/shard_041.npz,12009329,86b34efe19bc4b7c6775df6d6b85d1cce46af0d0904c1514761ddf65eacc9ec3,4,16,96,55,250,-0.014322916666666666,0.0969418312262207,0.004218925877720812,0.023920852333135786,0.9856770833333334,0.0969418312262207,1.0,0.0,-0.0011954530730614958,0.006908231092556985,0.0007503888572420904,0.0019283590257435294,-0.024770994183199946,0.02917494997768848,-0.4176880319913228,0.6634543558718293,0.3657457483932376,0.16362710666740854
taskE_svamp,shard_042,data/labels_taskE_svamp/shard_042.npz,12004790,c2c228adbf98cd20507ea0ffd655271b6f856d4c4705a49e1fc70c67cc1360bb,4,16,96,29,275,-0.0013020833333333333,0.028497485193019912,0.007931360893812812,0.031220043741522117,0.7565104166666666,0.42249945746492945,0.7578125,0.4203531578848314,-0.004468037204344928,0.020280128236776294,0.001789691214779801,0.0043189508098902115,-0.05671196908224374,0.07256178058161178,-0.6173597176869711,0.9204006049050809,0.36892056185752153,0.16228271618597565
taskE_svamp,shard_043,data/labels_taskE_svamp/shard_043.npz,11993061,92f8f0cb72b40f25cd6a5c44a14e3b7a40d91137b4f87c4e29a554f63f33b4c8,4,16,96,95,271,0.0,0.0,0.0,0.0,1.0,0.0,1.0,0.0,-0.00015986431359730582,0.0017037404347277397,8.161465016707944e-07,7.954800083678011e-06,-0.003277317271567881,0.005637651966685013,-0.06336243947347005,0.1686250966495085,0.3629378294572234,0.1699688111490847
taskE_svamp,shard_044,data/labels_taskE_svamp/shard_044.npz,12011634,d091468d2b5cff264b02d5c3e5cc65e2e18f9e0fd02210004673d82a8e211359,4,16,96,4,99,-0.07552083333333333,0.2509611515075037,0.005872118559131168,0.02863582348394935,0.4244791666666667,0.4872993599756097,0.5,0.5,-0.0035724888694872448,0.03589561064977639,0.002799225290492338,0.005209537972063258,-0.10548119058512384,0.10951130130196317,-0.9187572598457336,1.1073124156240262,0.3620928777381778,0.1588941203740534
taskE_svamp,shard_045,data/labels_taskE_svamp/shard_045.npz,12005127,41364ce3d4b90fe82e3972e0cfb4763ad966d70d0892a20294f88fa86e2e036f,4,16,96,23,207,0.0,0.0,0.0,0.0,1.0,0.0,1.0,0.0,-0.0019017578033147704,0.005771472545466417,0.0001801132856857102,0.00071988643393456,-0.017012367577990517,0.0240760960143988,-0.36470861236254376,0.5879146482480959,0.3587349010631442,0.16190709499906542
taskE_svamp,shard_046,data/labels_taskE_svamp/shard_046.npz,12007421,44afa6165e2bc4b77ae048c8a85a9a3a35f8351d418c8d6d7bc0a26ea6177beb,4,16,96,127,297,-0.0013020833333333333,0.012691138469803338,0.0012179873968945689,0.011871472672100576,0.7486979166666666,0.432446555459739,0.75,0.4330127018922193,-0.0008648613880382072,0.006427015281884585,0.00045377022886635717,0.0014141463468315789,-0.016870952127646888,0.022796755330687583,-0.26095763842264813,0.5427845961900772,0.35467815306037664,0.15846035860573657
taskE_svamp,shard_047,data/labels_taskE_svamp/shard_047.npz,12000276,e2f4dd4d9c672db2b7fb01d514898f732e4460d81642150af744f13aa8e9cb29,4,16,96,63,298,0.0,0.0,0.0,0.0,0.75,0.4330127018922193,0.75,0.4330127018922193,-0.0008588386972689932,0.003514680194042472,1.075586571230679e-05,6.280691711711156e-05,-0.00722258053610858,0.010860997764297041,-0.2023658057053884,0.48272536712491354,0.35467668157070875,0.16498742734115687
taskE_svamp,shard_048,data/labels_taskE_svamp/shard_048.npz,12000669,6cf5d56b4e257dfdc3ec7cfbfece4bdbc1ee42f674748e2dec787dd85d62d2f0,4,16,96,56,162,-0.020833333333333332,0.1428261375083551,0.0,0.0,0.9791666666666666,0.1428261375083551,1.0,0.0,0.00019447731695739398,0.002417375151224059,3.4285185507803666e-05,0.00011621164300259927,-0.008622943052614573,0.011732863743898125,-0.1476739446322123,0.335846498231207,0.36446428950876,0.16750172286805434
taskE_svamp,shard_049,data/labels_taskE_svamp/shard_049.npz,11998166,66f01af6d54dd85427f4ea9395cc4ec7406fe1b4fe369f04382c3347580cfe39,4,16,96,76,187,0.00390625,0.02174907954230477,0.005495386100023675,0.026880618204484702,0.99609375,0.02174907954230477,0.9921875,0.030257682392245445,-0.001451105469138662,0.011811598828122057,0.00023855464079946696,0.001121997381274657,-0.010698127252908307,0.019064224726691923,-0.16415083408355713,0.42120642170460426,0.3582952469587326,0.1661204912032674
