tag,group,value,n_rows,n_docs,n_states,A_task_mean,A_task_std,A_task_nonzero_frac,A_task_positive_frac,A_task_negative_frac,Q_reward_mean,V_reward_mean,A_pertok_mean,mask_ratio_mean
taskC,prompt_stratum,0,2592,108,432,-0.007908950617283951,0.18411985800354203,0.0933641975308642,0.03819444444444445,0.055169753086419755,0.665991512345679,0.6739004629629629,-0.00710883757607492,0.3468856794104256
taskC,prompt_stratum,1,1728,72,288,-0.00535300925925926,0.29198938957640846,0.22395833333333334,0.1111111111111111,0.11284722222222222,0.5905671296296297,0.5959201388888888,-0.012205713520331112,0.3443966877077603
taskC,step,24,708,118,118,0.004590395480225989,0.2617745051493198,0.2556497175141243,0.12570621468926554,0.12994350282485875,0.594632768361582,0.590042372881356,-0.008291054342608292,0.5473782900026289
taskC,step,25,150,25,25,0.005,0.29926298356685105,0.18,0.1,0.08,0.605,0.6,-0.010174651412032745,0.5482032072544097
taskC,step,26,42,7,7,0.026785714285714284,0.26097304510640335,0.23809523809523808,0.11904761904761904,0.11904761904761904,0.5803571428571429,0.5535714285714286,-0.006805393074284352,0.5388102105685643
taskC,step,27,30,5,5,0.0125,0.12226167292601012,0.06666666666666667,0.03333333333333333,0.03333333333333333,0.6625,0.65,-0.008013235680239934,0.5514112710952759
taskC,step,28,42,7,7,0.050595238095238096,0.2988812520625325,0.3333333333333333,0.23809523809523808,0.09523809523809523,0.7291666666666666,0.6785714285714286,-0.006098429425477326,0.5037406470094409
taskC,step,29,42,7,7,-0.13690476190476192,0.3448273418561961,0.2619047619047619,0.09523809523809523,0.16666666666666666,0.8452380952380952,0.9821428571428571,-0.011101818279365986,0.5367489286831447
taskC,step,30,36,6,6,-0.1111111111111111,0.4590692744732892,0.5277777777777778,0.1111111111111111,0.4166666666666667,0.5138888888888888,0.625,-0.0013906601642601243,0.5458651681741079
taskC,step,31,18,3,3,-0.006944444444444444,0.0286326779556782,0.05555555555555555,0.0,0.05555555555555555,0.6597222222222222,0.6666666666666666,-0.00612160748110302,0.5169975459575653
taskC,step,32,12,2,2,0.0,0.0,0.0,0.0,0.0,1.0,1.0,-0.0012806221263114519,0.5314444899559021
taskC,step,56,438,73,73,0.019406392694063926,0.291958610557675,0.24429223744292236,0.13013698630136986,0.1141552511415525,0.5108447488584474,0.4914383561643836,-0.014081451779578997,0.41595022523239866
taskC,step,57,180,30,30,-0.0125,0.2510740815863805,0.15,0.06666666666666667,0.08333333333333333,0.7416666666666667,0.7541666666666667,-0.007092740574939348,0.414400507013003
taskC,step,58,114,19,19,-0.039473684210526314,0.1682890793241199,0.09649122807017543,0.0,0.09649122807017543,0.6973684210526315,0.7368421052631579,-0.007620524846507786,0.4210425630996102
taskC,step,59,90,15,15,-0.043055555555555555,0.21743542393144438,0.2222222222222222,0.1,0.12222222222222222,0.7486111111111111,0.7916666666666666,-0.007438807528135132,0.4047602574030558
taskC,step,60,60,10,10,0.004166666666666667,0.14062114192238503,0.18333333333333332,0.13333333333333333,0.05,0.6416666666666667,0.6375,-0.007598972173582297,0.3962248176336288
taskC,step,61,54,9,9,0.037037037037037035,0.28119045627889294,0.14814814814814814,0.1111111111111111,0.037037037037037035,0.7314814814814815,0.6944444444444444,-0.009941341164531221,0.3917218479845259
taskC,step,62,30,5,5,0.0,0.0,0.0,0.0,0.0,1.0,1.0,-0.010964825843863461,0.3977787017822266
taskC,step,63,42,7,7,-0.09226190476190477,0.258860144215054,0.14285714285714285,0.0,0.14285714285714285,0.7648809523809523,0.8571428571428571,-0.007882293365019862,0.3925103076866695
taskC,step,64,72,12,12,-0.026041666666666668,0.12489144591960209,0.041666666666666664,0.0,0.041666666666666664,0.640625,0.6666666666666666,-0.001529842877308359,0.4094548597931862
taskC,step,88,444,74,74,-0.007882882882882882,0.21587429561855231,0.09234234234234234,0.03153153153153153,0.060810810810810814,0.6019144144144144,0.6097972972972973,-0.0114526674334189,0.28690681022566716
taskC,step,89,138,23,23,-0.022644927536231884,0.18444707032000382,0.10144927536231885,0.036231884057971016,0.06521739130434782,0.7436594202898551,0.7663043478260869,-0.005064665878772639,0.2852221183154894
taskC,step,90,72,12,12,-0.008680555555555556,0.3161772457546949,0.1527777777777778,0.05555555555555555,0.09722222222222222,0.4913194444444444,0.5,-0.018968497963416868,0.2792656247814496
taskC,step,91,60,10,10,-0.1,0.30000000000000004,0.1,0.0,0.1,0.6,0.7,-0.0075221474915320085,0.2728281572461128
taskC,step,92,66,11,11,0.0,0.11306675421666136,0.09090909090909091,0.06060606060606061,0.030303030303030304,0.6931818181818182,0.6931818181818182,-0.002926822101609573,0.2757401303811507
taskC,step,93,48,8,8,-0.020833333333333332,0.1428261375083551,0.020833333333333332,0.0,0.020833333333333332,0.9791666666666666,1.0,-0.00476921744294619,0.2818158455193043
taskC,step,94,54,9,9,-0.125,0.393817968854384,0.25925925925925924,0.07407407407407407,0.18518518518518517,0.3888888888888889,0.5138888888888888,-0.017654078606197058,0.2633914318349626
taskC,step,95,36,6,6,0.059027777777777776,0.17301982643473598,0.19444444444444445,0.19444444444444445,0.0,0.5381944444444444,0.4791666666666667,0.0015537141407548916,0.2538204366962115
taskC,step,96,162,27,27,-0.004629629629629629,0.12019217579395527,0.04938271604938271,0.037037037037037035,0.012345679012345678,0.6944444444444444,0.6990740740740741,-0.004985322960742956,0.2701140189612353
taskC,step,120,420,70,70,-0.008630952380952382,0.2313744532427439,0.08333333333333333,0.03333333333333333,0.05,0.5913690476190476,0.6,-0.01239297723598048,0.16018542370625904
taskC,step,121,126,21,21,0.011904761904761904,0.09373818897633109,0.11904761904761904,0.05555555555555555,0.06349206349206349,0.6011904761904762,0.5892857142857143,-0.012150978967149116,0.1498078221366519
taskC,step,122,72,12,12,-0.008680555555555556,0.15635605968331176,0.06944444444444445,0.027777777777777776,0.041666666666666664,0.6163194444444444,0.625,-0.016489706813575398,0.15290637935201326
taskC,step,123,30,5,5,-0.03333333333333333,0.1795054935711501,0.03333333333333333,0.0,0.03333333333333333,0.36666666666666664,0.4,-0.015212173157973059,0.150158029794693
taskC,step,124,36,6,6,0.0,0.0,0.0,0.0,0.0,0.8333333333333334,0.8333333333333334,-0.002809015212025972,0.1539712275067965
taskC,step,125,42,7,7,0.023809523809523808,0.1524553389864964,0.023809523809523808,0.023809523809523808,0.0,0.5952380952380952,0.5714285714285714,-0.012809607473602654,0.13455636373588017
taskC,step,126,42,7,7,-0.05952380952380952,0.21691508521772143,0.07142857142857142,0.0,0.07142857142857142,0.5119047619047619,0.5714285714285714,-0.016095132666383245,0.1329470702580043
taskC,step,127,24,4,4,0.125,0.33071891388307384,0.125,0.125,0.0,0.625,0.5,-0.021642489847510642,0.14408458396792412
taskC,step,128,288,48,48,0.0,0.0,0.0,0.0,0.0,0.8125,0.8125,-3.2040432819889654e-05,0.13284325723846754
taskD,prompt_stratum,0,9312,388,1552,-0.01017504295532646,0.16364737172449462,0.07710481099656358,0.02974656357388316,0.04735824742268041,0.5539357817869416,0.564110824742268,-0.010474875198981281,0.3421980487758812
taskD,prompt_stratum,1,4368,182,728,0.007783882783882784,0.2858175000094709,0.25137362637362637,0.13484432234432234,0.11652930402930403,0.5331959706959707,0.5254120879120879,-0.009797626323758421,0.3396024939982773
taskD,step,24,2082,347,347,0.007684918347742555,0.23913924788334387,0.23390970220941404,0.11767531219980788,0.11623439000960614,0.49507684918347744,0.48739193083573484,-0.009826518677055493,0.5365532087833119
taskD,step,25,384,64,64,-0.0016276041666666667,0.27458352813945336,0.2578125,0.12760416666666666,0.13020833333333334,0.5198567708333334,0.521484375,-0.009104555851801796,0.5375431119464338
taskD,step,26,318,53,53,0.03930817610062893,0.24408826503566272,0.22641509433962265,0.1289308176100629,0.09748427672955975,0.6831761006289309,0.6438679245283019,-0.006586259192309857,0.5424223840236664
taskD,step,27,240,40,40,-0.0036458333333333334,0.22861617119670008,0.22916666666666666,0.1,0.12916666666666668,0.6369791666666667,0.640625,-0.006798479637947707,0.5328726582229137
taskD,step,28,120,20,20,-0.023958333333333335,0.2148738930874469,0.10833333333333334,0.041666666666666664,0.06666666666666667,0.6197916666666666,0.64375,-0.00681900742448415,0.531263054907322
taskD,step,29,114,19,19,-0.049342105263157895,0.18408321101617064,0.23684210526315788,0.07894736842105263,0.15789473684210525,0.7269736842105263,0.7763157894736842,-0.006890662703243147,0.5234684238308355
taskD,step,30,90,15,15,0.029166666666666667,0.20837499583416644,0.23333333333333334,0.17777777777777778,0.05555555555555555,0.6791666666666667,0.65,-0.00952288334374316,0.5281436463197072
taskD,step,31,42,7,7,-0.020833333333333332,0.17233659156908837,0.21428571428571427,0.14285714285714285,0.07142857142857142,0.6755952380952381,0.6964285714285714,-0.007719686339398669,0.5335761564118522
taskD,step,32,30,5,5,-0.016666666666666666,0.12801909579781012,0.16666666666666666,0.1,0.06666666666666667,0.7583333333333333,0.775,-0.0010084024669292071,0.5304059028625489
taskD,step,56,1488,248,248,-0.003528225806451613,0.22984110455505732,0.16666666666666666,0.0846774193548387,0.08198924731182795,0.5221774193548387,0.5257056451612904,-0.0099838521851713,0.40996833337891486
taskD,step,57,546,91,91,-0.012591575091575092,0.21567598782408004,0.1575091575091575,0.06593406593406594,0.09157509157509157,0.5904304029304029,0.603021978021978,-0.010175870095996445,0.41234007248511684
taskD,step,58,342,57,57,0.04422514619883041,0.2543652210571606,0.15789473684210525,0.11695906432748537,0.04093567251461988,0.4718567251461988,0.4276315789473684,-0.012390302707831972,0.39741292229869907
taskD,step,59,228,38,38,-0.01425438596491228,0.25014183034386883,0.11403508771929824,0.03508771929824561,0.07894736842105263,0.6140350877192983,0.6282894736842105,-0.006450162999794485,0.39355502865816416
taskD,step,60,222,37,37,-0.04617117117117117,0.2524808930019473,0.13963963963963963,0.04054054054054054,0.0990990990990991,0.5822072072072072,0.6283783783783784,-0.00802278822284525,0.3967949200320888
taskD,step,61,156,26,26,0.04567307692307692,0.27301385715422,0.19230769230769232,0.11538461538461539,0.07692307692307693,0.5120192307692307,0.46634615384615385,-0.00409474960154764,0.40201354599916017
taskD,step,62,132,22,22,-0.011363636363636364,0.16023667498740504,0.09848484848484848,0.022727272727272728,0.07575757575757576,0.5852272727272727,0.5965909090909091,-0.010543440245861076,0.39590454643422907
taskD,step,63,90,15,15,-0.002777777777777778,0.01842569327975222,0.022222222222222223,0.0,0.022222222222222223,0.7305555555555555,0.7333333333333333,-0.0054706787201414244,0.3966487189133962
taskD,step,64,216,36,36,-0.015625,0.19793950891576653,0.08796296296296297,0.037037037037037035,0.05092592592592592,0.5538194444444444,0.5694444444444444,-0.0024921828528466383,0.40263674325413173
taskD,step,88,1446,241,241,-0.013744813278008298,0.2101626960424099,0.10442600276625173,0.04910096818810512,0.05532503457814661,0.5267116182572614,0.5404564315352697,-0.01085688501413568,0.2842943366632422
taskD,step,89,498,83,83,-0.02208835341365462,0.20215097400225368,0.10240963855421686,0.04216867469879518,0.060240963855421686,0.42971887550200805,0.45180722891566266,-0.01481442095859648,0.27841455911297397
taskD,step,90,282,47,47,-0.0199468085106383,0.23013004496631326,0.10638297872340426,0.031914893617021274,0.07446808510638298,0.5545212765957447,0.574468085106383,-0.01295097747712418,0.2740210148882359
taskD,step,91,270,45,45,-0.010185185185185186,0.17013873141842045,0.08888888888888889,0.040740740740740744,0.04814814814814815,0.6592592592592592,0.6694444444444444,-0.009222261413351926,0.2717913382583194
taskD,step,92,228,38,38,0.008771929824561403,0.17460740599874083,0.10087719298245613,0.043859649122807015,0.05701754385964912,0.5416666666666666,0.5328947368421053,-0.010705201701033208,0.2733115942070359
taskD,step,93,186,31,31,0.008064516129032258,0.2454604322383922,0.0913978494623656,0.03763440860215054,0.053763440860215055,0.6532258064516129,0.6451612903225806,-0.008067398810457016,0.2627416594374564
taskD,step,94,132,22,22,-0.03787878787878788,0.17060178825588707,0.08333333333333333,0.015151515151515152,0.06818181818181818,0.6212121212121212,0.6590909090909091,-0.012902761625537355,0.2623576488007199
taskD,step,95,102,17,17,0.022058823529411766,0.21034210339673087,0.12745098039215685,0.058823529411764705,0.06862745098039216,0.6176470588235294,0.5955882352941176,-0.01260287288365879,0.26960743788410635
taskD,step,96,276,46,46,0.016757246376811596,0.15819260796764797,0.057971014492753624,0.043478260869565216,0.014492753623188406,0.6200181159420289,0.6032608695652174,-0.0032830325883127366,0.27143574538438214
taskD,step,120,1218,203,203,-0.01672824302134647,0.2081439935310511,0.09523809523809523,0.040229885057471264,0.055008210180623976,0.5485426929392446,0.5652709359605911,-0.015507170329629259,0.157327012255274
taskD,step,121,420,70,70,-0.01011904761904762,0.18270125268433796,0.05,0.01904761904761905,0.030952380952380953,0.4380952380952381,0.44821428571428573,-0.015240521931386196,0.148711823033435
taskD,step,122,294,49,49,-0.01870748299319728,0.15281773906381496,0.061224489795918366,0.023809523809523808,0.03741496598639456,0.4098639455782313,0.42857142857142855,-0.014551199430910992,0.14647555168794127
taskD,step,123,192,32,32,-0.029296875,0.16199167413862472,0.036458333333333336,0.0,0.036458333333333336,0.376953125,0.40625,-0.018577448742317593,0.14482238446362317
taskD,step,124,192,32,32,0.0026041666666666665,0.09284137223945776,0.026041666666666668,0.010416666666666666,0.015625,0.4244791666666667,0.421875,-0.012939227495819475,0.14247846510261297
taskD,step,125,180,30,30,-0.022916666666666665,0.21060222840965176,0.05555555555555555,0.016666666666666666,0.03888888888888889,0.5395833333333333,0.5625,-0.013511076352635125,0.13777632241447765
taskD,step,126,144,24,24,-0.0008680555555555555,0.010380434672831076,0.006944444444444444,0.0,0.006944444444444444,0.3324652777777778,0.3333333333333333,-0.013377916757817509,0.13793823091934124
taskD,step,127,36,6,6,0.0,0.0,0.0,0.0,0.0,0.5,0.5,-0.008204717514233708,0.12735453123847643
taskD,step,128,744,124,124,0.0018481182795698926,0.046018694152625536,0.006720430107526882,0.002688172043010753,0.004032258064516129,0.785114247311828,0.7832661290322581,-0.0020868446736522044,0.1344311906084899
taskE_svamp,prompt_stratum,0,3264,136,544,-0.005591299019607843,0.08231617367688286,0.018075980392156864,0.005208333333333333,0.012867647058823529,0.8395373774509803,0.8451286764705882,-0.0021718625387323162,0.3612407449331573
taskE_svamp,prompt_stratum,1,1536,64,256,-0.00439453125,0.2358913957631621,0.22591145833333334,0.11328125,0.11263020833333333,0.54541015625,0.5498046875,-0.008677382943577418,0.36311342427507043
taskE_svamp,step,24,624,104,104,-0.021033653846153848,0.2261971651486039,0.20673076923076922,0.08333333333333333,0.1233974358974359,0.6736778846153846,0.6947115384615384,-0.005636433506706637,0.5809549557474943
taskE_svamp,step,25,234,39,39,-0.028311965811965812,0.155257688008933,0.1581196581196581,0.042735042735042736,0.11538461538461539,0.7954059829059829,0.8237179487179487,-0.0031412737214941483,0.5810762047767639
taskE_svamp,step,26,180,30,30,0.0006944444444444445,0.0963727772317371,0.027777777777777776,0.016666666666666666,0.011111111111111112,0.7881944444444444,0.7875,-0.00206428226452873,0.5778849283854167
taskE_svamp,step,27,102,17,17,0.004901960784313725,0.17843406591373817,0.20588235294117646,0.11764705882352941,0.08823529411764706,0.7990196078431373,0.7941176470588235,0.0005728004484719314,0.5865210224600399
taskE_svamp,step,28,30,5,5,-0.025,0.075,0.1,0.0,0.1,0.625,0.65,-0.00491634189869122,0.5705922603607178
taskE_svamp,step,29,12,2,2,0.0,0.0,0.0,0.0,0.0,1.0,1.0,9.973201667889953e-05,0.5579418540000916
taskE_svamp,step,30,18,3,3,-0.0625,0.2009093908540199,0.16666666666666666,0.0,0.16666666666666666,0.9375,1.0,-0.0010359337320551276,0.5595552523930868
taskE_svamp,step,56,456,76,76,-0.004111842105263158,0.23286292790630686,0.18421052631578946,0.10526315789473684,0.07894736842105263,0.6143092105263158,0.618421052631579,-0.006592931148356098,0.44057000585292516
taskE_svamp,step,57,78,13,13,0.02403846153846154,0.13285826671129872,0.15384615384615385,0.10256410256410256,0.05128205128205128,0.8125,0.7884615384615384,-0.007087716675041378,0.4395502438912025
taskE_svamp,step,58,72,12,12,-0.012152777777777778,0.17574212956316154,0.1111111111111111,0.027777777777777776,0.08333333333333333,0.7795138888888888,0.7916666666666666,-0.005154776165100985,0.4352109481890996
taskE_svamp,step,59,30,5,5,0.020833333333333332,0.20177166688005413,0.2,0.1,0.1,0.6708333333333333,0.65,-0.004831658398097715,0.42800347208976747
taskE_svamp,step,60,36,6,6,-0.04861111111111111,0.2845527951187205,0.19444444444444445,0.05555555555555555,0.1388888888888889,0.5972222222222222,0.6458333333333334,-0.010104486575680008,0.41631494959195453
taskE_svamp,step,61,18,3,3,0.0763888888888889,0.2398599449884798,0.16666666666666666,0.1111111111111111,0.05555555555555555,0.4930555555555556,0.4166666666666667,-0.004849292493620144,0.4302145044008891
taskE_svamp,step,62,54,9,9,-0.0023148148148148147,0.07411023422954685,0.14814814814814814,0.09259259259259259,0.05555555555555555,0.9837962962962963,0.9861111111111112,-0.00946990179725436,0.41883040799034965
taskE_svamp,step,63,24,4,4,0.020833333333333332,0.08589803386703461,0.16666666666666666,0.125,0.041666666666666664,0.6145833333333334,0.59375,-0.005527658329801473,0.40700577944517136
taskE_svamp,step,64,432,72,72,0.0,0.0,0.0,0.0,0.0,0.875,0.875,0.00016017239765275804,0.4219084079894755
taskE_svamp,step,88,348,58,58,-0.004310344827586207,0.13692837798492408,0.05172413793103448,0.028735632183908046,0.022988505747126436,0.6443965517241379,0.6487068965517241,-0.008632408706867817,0.305822740341055
taskE_svamp,step,89,102,17,17,-0.023284313725490197,0.19391034806650764,0.14705882352941177,0.049019607843137254,0.09803921568627451,0.5428921568627451,0.5661764705882353,-0.007213587203839815,0.29638193635379567
taskE_svamp,step,90,66,11,11,-0.007575757575757576,0.17254609051409656,0.19696969696969696,0.12121212121212122,0.07575757575757576,0.7765151515151515,0.7840909090909091,-0.014663581567552255,0.2957226200537248
taskE_svamp,step,91,24,4,4,0.0,0.0,0.0,0.0,0.0,1.0,1.0,-0.0057582519204212685,0.2997004985809326
taskE_svamp,step,92,12,2,2,0.0,0.0,0.0,0.0,0.0,0.0,0.0,-0.012712195150925254,0.29008547961711884
taskE_svamp,step,93,18,3,3,-0.05555555555555555,0.2290614236454256,0.05555555555555555,0.0,0.05555555555555555,0.9444444444444444,1.0,-0.010443215423619121,0.27972882986068726
taskE_svamp,step,94,36,6,6,0.0,0.0,0.0,0.0,0.0,0.8333333333333334,0.8333333333333334,-0.0015620633567263236,0.2796410322189331
taskE_svamp,step,95,30,5,5,0.1,0.274620950888068,0.16666666666666666,0.13333333333333333,0.03333333333333333,0.525,0.425,0.01461347487348045,0.2767336368560791
taskE_svamp,step,96,564,94,94,0.0,0.0,0.0,0.0,0.0,0.8617021276595744,0.8617021276595744,5.1528619972209555e-05,0.27954642633174326
taskE_svamp,step,120,228,38,38,-0.0043859649122807015,0.23410537096635994,0.07894736842105263,0.039473684210526314,0.039473684210526314,0.40350877192982454,0.40789473684210525,-0.019184489474740298,0.16873117261811307
taskE_svamp,step,121,36,6,6,0.0,0.0,0.0,0.0,0.0,0.8333333333333334,0.8333333333333334,-0.018719953620449006,0.1631118804216385
taskE_svamp,step,122,12,2,2,0.0,0.0,0.0,0.0,0.0,0.0,0.0,-0.011358122394184988,0.16529517620801926
taskE_svamp,step,123,36,6,6,-0.027777777777777776,0.16433554953054486,0.027777777777777776,0.0,0.027777777777777776,0.4722222222222222,0.5,-0.0009478647914167797,0.15328883131345114
taskE_svamp,step,124,42,7,7,0.01488095238095238,0.04048056699028406,0.11904761904761904,0.11904761904761904,0.0,0.5684523809523809,0.5535714285714286,-0.014803318810750386,0.1496749371290207
taskE_svamp,step,125,24,4,4,0.0,0.0,0.0,0.0,0.0,0.75,0.75,-0.001991529905656838,0.14370427280664444
taskE_svamp,step,126,12,2,2,0.0,0.0,0.0,0.0,0.0,0.5,0.5,-0.003528275531853827,0.14625345915555954
taskE_svamp,step,127,6,1,1,0.0,0.0,0.0,0.0,0.0,1.0,1.0,9.035823192486228e-06,0.13924050331115723
taskE_svamp,step,128,804,134,134,0.0,0.0,0.0,0.0,0.0,0.8805970149253731,0.8805970149253731,0.00014855449472493792,0.13903786503334545
