claim_group,figure_or_table_candidate,result_id,experiment,backbone,model_size,task,target,reward,policy,probe,feature_set,level,layer,timestep,horizon,K,n_problem,n_state,n_candidate,n_example,metric,baseline,hidden,delta,ci_low,ci_high,p_value,stat_method,folds_seeds,multiple_testing,status,strength,paper_use,source_path,source_key,script_path,notes
state_future_utility,Figure 1 / Table 1,VREAD_HIDDEN_ONLY_R2,Nemotron rollout-value readout,Nemotron-Diffusion-3B,3B,GSM8K,V_reward,task correctness,Nemotron diffusion decoding,ridge/logistic linear probe,validation-selected layer-18 H_m,state,18,all six record points,completion,8,800,4411,,4411,R2,0.3379652373,0.4812391128,0.1432738755,0.08473917201,0.2042411956,,"prompt-cluster bootstrap, 10,000 resamples",480/120/200 prompt train/validation/test; K=8 rollouts,layer selected on validation only,POST_HOC_AUDIT_VALID_CURRENT,HEADLINE,Figure 1; abstract; main text,data/v_readout_results.json; data/v_audit.json,metrics.hidden.r2; best_ci.dR2,iclr_direction1/build_iclr_evidence.py,RECOMPUTED_FROM_SAVED_METRICS. Hidden-only is authoritative; no test-set layer selection.
state_future_utility,Figure 1 / Table 1,VREAD_HIDDEN_ONLY_AUC,Nemotron rollout-value readout,Nemotron-Diffusion-3B,3B,GSM8K,V_reward,task correctness,Nemotron diffusion decoding,ridge/logistic linear probe,validation-selected layer-18 H_m,state,18,all six record points,completion,8,800,4411,,4411,AUC,0.8229169832,0.8895539419,0.06663695872,0.0377835858,0.09815736486,,"prompt-cluster bootstrap, 10,000 resamples",480/120/200 prompt train/validation/test; K=8 rollouts,layer selected on validation only,POST_HOC_AUDIT_VALID_CURRENT,HEADLINE,Figure 1; abstract; main text,data/v_readout_results.json; data/v_audit.json,metrics.hidden.auc; best_ci.dAUC,iclr_direction1/build_iclr_evidence.py,RECOMPUTED_FROM_SAVED_METRICS. Hidden-only is authoritative; no test-set layer selection.
state_future_utility_ablation,Appendix,VREAD_CHEAP_PLUS_HIDDEN_R2,Nemotron rollout-value readout,Nemotron-Diffusion-3B,3B,GSM8K,V_reward,task correctness,Nemotron diffusion decoding,two-block linear probe,cheap + layer-18 H_m,state,18,,completion,8,800,4411,,4411,R2,0.3379652373,0.4696954335,0.1317301962,,,,held-out prompt split,480/120/200; K=8,layer selected on validation only,VALID_CURRENT_ABLATION,SUPPORTING,Appendix,data/v_readout_results.json,delta_r2,iclr_direction1/build_iclr_evidence.py,"RECOMPUTED_FROM_SAVED_METRICS. Explains old +0.1317/+0.0655 values; not superseded, but not headline."
state_future_utility_ablation,Appendix,VREAD_CHEAP_PLUS_HIDDEN_AUC,Nemotron rollout-value readout,Nemotron-Diffusion-3B,3B,GSM8K,V_reward,task correctness,Nemotron diffusion decoding,two-block linear probe,cheap + layer-18 H_m,state,18,,completion,8,800,4411,,4411,AUC,0.8229169832,0.8884601491,0.06554316599,,,,held-out prompt split,480/120/200; K=8,layer selected on validation only,VALID_CURRENT_ABLATION,SUPPORTING,Appendix,data/v_readout_results.json,delta_auc,iclr_direction1/build_iclr_evidence.py,"RECOMPUTED_FROM_SAVED_METRICS. Explains old +0.1317/+0.0655 values; not superseded, but not headline."
temporal_state_future_utility,Figure 2,VREAD_T0_R2,Nemotron temporal readout,Nemotron-Diffusion-3B,3B,GSM8K,V_reward,task correctness,Nemotron diffusion decoding,linear probe,layer-18 H_m,state,18,0.1,completion,8,800,,,,R2,0.2769277282,0.3940775686,0.1171498404,0.02672672205,0.2169596345,,"prompt-cluster bootstrap, 10,000 resamples",held-out prompts; K=8,six pre-existing record points; layer fixed from validation,POST_HOC_AUDIT_VALID_CURRENT,STRONG_SUPPORT,Figure 2,data/v_audit.json; data/v_readout_results.json,per_point[0],iclr_direction1/build_iclr_evidence.py,RECOMPUTED_FROM_SAVED_METRICS.
temporal_state_future_utility,Figure 2,VREAD_T0_AUC,Nemotron temporal readout,Nemotron-Diffusion-3B,3B,GSM8K,V_reward,task correctness,Nemotron diffusion decoding,linear probe,layer-18 H_m,state,18,0.1,completion,8,800,,,,AUC,0.7994696042,0.8637290902,0.06425948592,0.02420802005,0.1091443594,,"prompt-cluster bootstrap, 10,000 resamples",held-out prompts; K=8,six pre-existing record points; layer fixed from validation,POST_HOC_AUDIT_VALID_CURRENT,STRONG_SUPPORT,Figure 2,data/v_audit.json; data/v_readout_results.json,per_point[0],iclr_direction1/build_iclr_evidence.py,RECOMPUTED_FROM_SAVED_METRICS.
temporal_state_future_utility,Figure 2,VREAD_T1_R2,Nemotron temporal readout,Nemotron-Diffusion-3B,3B,GSM8K,V_reward,task correctness,Nemotron diffusion decoding,linear probe,layer-18 H_m,state,18,0.25625,completion,8,800,,,,R2,0.338603753,0.4155065228,0.07690276977,0.004452626928,0.1547350466,,"prompt-cluster bootstrap, 10,000 resamples",held-out prompts; K=8,six pre-existing record points; layer fixed from validation,POST_HOC_AUDIT_VALID_CURRENT,STRONG_SUPPORT,Figure 2,data/v_audit.json; data/v_readout_results.json,per_point[1],iclr_direction1/build_iclr_evidence.py,RECOMPUTED_FROM_SAVED_METRICS.
temporal_state_future_utility,Figure 2,VREAD_T1_AUC,Nemotron temporal readout,Nemotron-Diffusion-3B,3B,GSM8K,V_reward,task correctness,Nemotron diffusion decoding,linear probe,layer-18 H_m,state,18,0.25625,completion,8,800,,,,AUC,0.8135038363,0.8641432225,0.05063938619,0.018608416,0.08565118382,,"prompt-cluster bootstrap, 10,000 resamples",held-out prompts; K=8,six pre-existing record points; layer fixed from validation,POST_HOC_AUDIT_VALID_CURRENT,STRONG_SUPPORT,Figure 2,data/v_audit.json; data/v_readout_results.json,per_point[1],iclr_direction1/build_iclr_evidence.py,RECOMPUTED_FROM_SAVED_METRICS.
temporal_state_future_utility,Figure 2,VREAD_T2_R2,Nemotron temporal readout,Nemotron-Diffusion-3B,3B,GSM8K,V_reward,task correctness,Nemotron diffusion decoding,linear probe,layer-18 H_m,state,18,0.4,completion,8,800,,,,R2,0.3476276739,0.4778968682,0.1302691943,0.05537385476,0.2089932887,,"prompt-cluster bootstrap, 10,000 resamples",held-out prompts; K=8,six pre-existing record points; layer fixed from validation,POST_HOC_AUDIT_VALID_CURRENT,STRONG_SUPPORT,Figure 2,data/v_audit.json; data/v_readout_results.json,per_point[2],iclr_direction1/build_iclr_evidence.py,RECOMPUTED_FROM_SAVED_METRICS.
temporal_state_future_utility,Figure 2,VREAD_T2_AUC,Nemotron temporal readout,Nemotron-Diffusion-3B,3B,GSM8K,V_reward,task correctness,Nemotron diffusion decoding,linear probe,layer-18 H_m,state,18,0.4,completion,8,800,,,,AUC,0.829375,0.8805208333,0.05114583333,0.01270897251,0.09318210499,,"prompt-cluster bootstrap, 10,000 resamples",held-out prompts; K=8,six pre-existing record points; layer fixed from validation,POST_HOC_AUDIT_VALID_CURRENT,STRONG_SUPPORT,Figure 2,data/v_audit.json; data/v_readout_results.json,per_point[2],iclr_direction1/build_iclr_evidence.py,RECOMPUTED_FROM_SAVED_METRICS.
temporal_state_future_utility,Figure 2,VREAD_T3_R2,Nemotron temporal readout,Nemotron-Diffusion-3B,3B,GSM8K,V_reward,task correctness,Nemotron diffusion decoding,linear probe,layer-18 H_m,state,18,0.55625,completion,8,800,,,,R2,0.3832602734,0.5116922691,0.1284319957,0.06790178517,0.1891327967,,"prompt-cluster bootstrap, 10,000 resamples",held-out prompts; K=8,six pre-existing record points; layer fixed from validation,POST_HOC_AUDIT_VALID_CURRENT,STRONG_SUPPORT,Figure 2,data/v_audit.json; data/v_readout_results.json,per_point[3],iclr_direction1/build_iclr_evidence.py,RECOMPUTED_FROM_SAVED_METRICS.
temporal_state_future_utility,Figure 2,VREAD_T3_AUC,Nemotron temporal readout,Nemotron-Diffusion-3B,3B,GSM8K,V_reward,task correctness,Nemotron diffusion decoding,linear probe,layer-18 H_m,state,18,0.55625,completion,8,800,,,,AUC,0.8496732026,0.9035169623,0.05384375973,0.02428165296,0.08584811074,,"prompt-cluster bootstrap, 10,000 resamples",held-out prompts; K=8,six pre-existing record points; layer fixed from validation,POST_HOC_AUDIT_VALID_CURRENT,STRONG_SUPPORT,Figure 2,data/v_audit.json; data/v_readout_results.json,per_point[3],iclr_direction1/build_iclr_evidence.py,RECOMPUTED_FROM_SAVED_METRICS.
temporal_state_future_utility,Figure 2,VREAD_T4_R2,Nemotron temporal readout,Nemotron-Diffusion-3B,3B,GSM8K,V_reward,task correctness,Nemotron diffusion decoding,linear probe,layer-18 H_m,state,18,0.7125,completion,8,770,,,,R2,0.4585201775,0.535881545,0.07736136753,0.01077805988,0.1417519932,,"prompt-cluster bootstrap, 10,000 resamples",held-out prompts; K=8,six pre-existing record points; layer fixed from validation,POST_HOC_AUDIT_VALID_CURRENT,STRONG_SUPPORT,Figure 2,data/v_audit.json; data/v_readout_results.json,per_point[4],iclr_direction1/build_iclr_evidence.py,RECOMPUTED_FROM_SAVED_METRICS.
temporal_state_future_utility,Figure 2,VREAD_T4_AUC,Nemotron temporal readout,Nemotron-Diffusion-3B,3B,GSM8K,V_reward,task correctness,Nemotron diffusion decoding,linear probe,layer-18 H_m,state,18,0.7125,completion,8,770,,,,AUC,0.8605599647,0.890542328,0.02998236332,-0.005656939632,0.06682124047,,"prompt-cluster bootstrap, 10,000 resamples",held-out prompts; K=8,six pre-existing record points; layer fixed from validation,POST_HOC_AUDIT_VALID_CURRENT,STRONG_SUPPORT,Figure 2,data/v_audit.json; data/v_readout_results.json,per_point[4],iclr_direction1/build_iclr_evidence.py,RECOMPUTED_FROM_SAVED_METRICS.
temporal_state_future_utility,Figure 2,VREAD_T5_R2,Nemotron temporal readout,Nemotron-Diffusion-3B,3B,GSM8K,V_reward,task correctness,Nemotron diffusion decoding,linear probe,layer-18 H_m,state,18,0.85625,completion,8,441,,,,R2,0.4909734078,0.6229265948,0.131953187,0.07241892184,0.1935474364,,"prompt-cluster bootstrap, 10,000 resamples",held-out prompts; K=8,six pre-existing record points; layer fixed from validation,POST_HOC_AUDIT_VALID_CURRENT,STRONG_SUPPORT,Figure 2,data/v_audit.json; data/v_readout_results.json,per_point[5],iclr_direction1/build_iclr_evidence.py,RECOMPUTED_FROM_SAVED_METRICS.
temporal_state_future_utility,Figure 2,VREAD_T5_AUC,Nemotron temporal readout,Nemotron-Diffusion-3B,3B,GSM8K,V_reward,task correctness,Nemotron diffusion decoding,linear probe,layer-18 H_m,state,18,0.85625,completion,8,441,,,,AUC,0.9123533471,0.9510006901,0.038647343,0.009208152355,0.07470273719,,"prompt-cluster bootstrap, 10,000 resamples",held-out prompts; K=8,six pre-existing record points; layer fixed from validation,POST_HOC_AUDIT_VALID_CURRENT,STRONG_SUPPORT,Figure 2,data/v_audit.json; data/v_readout_results.json,per_point[5],iclr_direction1/build_iclr_evidence.py,RECOMPUTED_FROM_SAVED_METRICS.
selective_generation,Figure 4,SELECTIVE_COV_70,Nemotron selective generation,Nemotron-Diffusion-3B,3B,GSM8K,V_reward,task correctness,abort at 40% generation progress,linear probe,layer-18 H_m,prompt/state,18,0.4,completion,8,800,,,,retained accuracy,0.7486979167,0.7722981771,0.02360026042,0.0025,0.0423,,"prompt-cluster bootstrap, 10,000 resamples",held-out prompts; K=8,,POST_HOC_PRACTICAL_ANALYSIS,STRONG_SUPPORT,Figure 4,data/v_readout_results.json; iclr_direction1/VREAD_INDEPENDENT_RECOMPUTE.log,selective coverage=0.7,iclr_direction1/build_iclr_evidence.py,RECOMPUTED_FROM_SAVED_METRICS. Coverage=70%; compute saved=18% under the explicit 40%-progress abort accounting convention.
selective_generation,Figure 4,SELECTIVE_COV_50,Nemotron selective generation,Nemotron-Diffusion-3B,3B,GSM8K,V_reward,task correctness,abort at 40% generation progress,linear probe,layer-18 H_m,prompt/state,18,0.4,completion,8,800,,,,retained accuracy,0.8078324226,0.8690801457,0.06124772313,0.0247,0.0926,,"prompt-cluster bootstrap, 10,000 resamples",held-out prompts; K=8,,POST_HOC_PRACTICAL_ANALYSIS,STRONG_SUPPORT,Figure 4,data/v_readout_results.json; iclr_direction1/VREAD_INDEPENDENT_RECOMPUTE.log,selective coverage=0.5,iclr_direction1/build_iclr_evidence.py,RECOMPUTED_FROM_SAVED_METRICS. Coverage=50%; compute saved=30% under the explicit 40%-progress abort accounting convention.
selective_generation,Figure 4,SELECTIVE_COV_30,Nemotron selective generation,Nemotron-Diffusion-3B,3B,GSM8K,V_reward,task correctness,abort at 40% generation progress,linear probe,layer-18 H_m,prompt/state,18,0.4,completion,8,800,,,,retained accuracy,0.820668693,0.9000759878,0.07940729483,0.0299,0.1368,,"prompt-cluster bootstrap, 10,000 resamples",held-out prompts; K=8,,POST_HOC_PRACTICAL_ANALYSIS,STRONG_SUPPORT,Figure 4,data/v_readout_results.json; iclr_direction1/VREAD_INDEPENDENT_RECOMPUTE.log,selective coverage=0.3,iclr_direction1/build_iclr_evidence.py,RECOMPUTED_FROM_SAVED_METRICS. Coverage=30%; compute saved=42% under the explicit 40%-progress abort accounting convention.
selective_generation,Figure 4,SELECTIVE_AURC,Nemotron selective generation,Nemotron-Diffusion-3B,3B,GSM8K,V_reward,task correctness,selective generation,linear probe,layer-18 H_m,prompt/state,18,,,8,800,,,,AURC,0.7722455238,0.818610922,0.04636539827,0.0171,0.0812,,"prompt-cluster bootstrap, 10,000 resamples",,,POST_HOC_PRACTICAL_ANALYSIS,STRONG_SUPPORT,Figure 4,data/v_readout_results.json; iclr_direction1/VREAD_INDEPENDENT_RECOMPUTE.log,aurc,iclr_direction1/build_iclr_evidence.py,RECOMPUTED_FROM_SAVED_METRICS.
candidate_pathll,Figure 3 / Table 2,PATHLL_MDLM_ANCESTRAL_A_PERTOK_D_R2,state-centered candidate Path-LL readout,MDLM,169.6M,OpenWebText continuations,A_pertok,Path-LL,ancestral,ridge linear probe,cheap + h_local (3 validation-fixed layers),candidate within state,9,,16,24,400,2400,14400,14400,within-state R2,0,0.005531771441,0.005531771441,0.003314648843,0.007748894039,7.374884287e-06,50 repeated document splits; Nadeau-Bengio corrected t interval,50 splits; 50/50 positive,BH-FDR saved in source; layers selected once on validation seed 99,POST_HOC_RESCUE_VALID_CURRENT,STRONG_SUPPORT,Table 2; main text,data/estimate_all.json,MDLM_ancestral/A_pertok/cheap+h_local(3layers)/d_r2,iclr_direction1/build_iclr_evidence.py,RECOMPUTED_FROM_SAVED_METRICS. Repeated splits are dependent; corrected interval is authoritative.
candidate_pathll,Figure 3 / Table 2,PATHLL_MDLM_ANCESTRAL_A_PERTOK_D_CONC,state-centered candidate Path-LL readout,MDLM,169.6M,OpenWebText continuations,A_pertok,Path-LL,ancestral,ridge linear probe,cheap + h_local (3 validation-fixed layers),candidate within state,9,,16,24,400,2400,14400,14400,pairwise concordance,0,0.003304444444,0.003304444444,0.0006880301031,0.005920858786,0.0143776869,50 repeated document splits; Nadeau-Bengio corrected t interval,50 splits; 46/50 positive,BH-FDR saved in source; layers selected once on validation seed 99,POST_HOC_RESCUE_VALID_CURRENT,SUPPORTING,Table 2 / Appendix,data/estimate_all.json,MDLM_ancestral/A_pertok/cheap+h_local(3layers)/d_conc,iclr_direction1/build_iclr_evidence.py,RECOMPUTED_FROM_SAVED_METRICS. Repeated splits are dependent; corrected interval is authoritative.
candidate_pathll,Figure 3 / Table 2,PATHLL_MDLM_ANCESTRAL_A_FUTURE_D_R2,state-centered candidate Path-LL readout,MDLM,169.6M,OpenWebText continuations,A_future,Path-LL,ancestral,ridge linear probe,cheap + h_local (3 validation-fixed layers),candidate within state,9,,16,24,400,2400,14400,14400,within-state R2,0,0.009968475762,0.009968475762,0.005739780613,0.01419717091,1.892748085e-05,50 repeated document splits; Nadeau-Bengio corrected t interval,50 splits; 49/50 positive,BH-FDR saved in source; layers selected once on validation seed 99,POST_HOC_RESCUE_VALID_CURRENT,STRONG_SUPPORT,Table 2; main text,data/estimate_all.json,MDLM_ancestral/A_future/cheap+h_local(3layers)/d_r2,iclr_direction1/build_iclr_evidence.py,RECOMPUTED_FROM_SAVED_METRICS. Repeated splits are dependent; corrected interval is authoritative.
candidate_pathll,Figure 3 / Table 2,PATHLL_MDLM_ANCESTRAL_A_FUTURE_D_CONC,state-centered candidate Path-LL readout,MDLM,169.6M,OpenWebText continuations,A_future,Path-LL,ancestral,ridge linear probe,cheap + h_local (3 validation-fixed layers),candidate within state,9,,16,24,400,2400,14400,14400,pairwise concordance,0,0.004824444444,0.004824444444,0.00074108611,0.008907802779,0.02154425443,50 repeated document splits; Nadeau-Bengio corrected t interval,50 splits; 47/49 positive,BH-FDR saved in source; layers selected once on validation seed 99,POST_HOC_RESCUE_VALID_CURRENT,SUPPORTING,Table 2 / Appendix,data/estimate_all.json,MDLM_ancestral/A_future/cheap+h_local(3layers)/d_conc,iclr_direction1/build_iclr_evidence.py,RECOMPUTED_FROM_SAVED_METRICS. Repeated splits are dependent; corrected interval is authoritative.
candidate_pathll,Figure 3 / Table 2,PATHLL_MDLM_CONFIDENCE_A_PERTOK_D_R2,state-centered candidate Path-LL readout,MDLM,169.6M,OpenWebText continuations,A_pertok,Path-LL,confidence,ridge linear probe,cheap + h_local (3 validation-fixed layers),candidate within state,8,,16,24,400,2400,14400,14400,within-state R2,0,0.01045105698,0.01045105698,0.007326554533,0.01357555943,1.790152471e-08,50 repeated document splits; Nadeau-Bengio corrected t interval,50 splits; 50/50 positive,BH-FDR saved in source; layers selected once on validation seed 99,POST_HOC_RESCUE_VALID_CURRENT,STRONG_SUPPORT,Table 2; main text,data/estimate_all.json,MDLM_confidence/A_pertok/cheap+h_local(3layers)/d_r2,iclr_direction1/build_iclr_evidence.py,RECOMPUTED_FROM_SAVED_METRICS. Repeated splits are dependent; corrected interval is authoritative.
candidate_pathll,Figure 3 / Table 2,PATHLL_MDLM_CONFIDENCE_A_PERTOK_D_CONC,state-centered candidate Path-LL readout,MDLM,169.6M,OpenWebText continuations,A_pertok,Path-LL,confidence,ridge linear probe,cheap + h_local (3 validation-fixed layers),candidate within state,8,,16,24,400,2400,14400,14400,pairwise concordance,0,0.003162222222,0.003162222222,-0.0006818323832,0.007006276828,0.1046981876,50 repeated document splits; Nadeau-Bengio corrected t interval,50 splits; 42/50 positive,BH-FDR saved in source; layers selected once on validation seed 99,POST_HOC_RESCUE_VALID_CURRENT,NEGATIVE_BOUNDARY,Table 2 / Appendix,data/estimate_all.json,MDLM_confidence/A_pertok/cheap+h_local(3layers)/d_conc,iclr_direction1/build_iclr_evidence.py,RECOMPUTED_FROM_SAVED_METRICS. Repeated splits are dependent; corrected interval is authoritative.
candidate_pathll,Figure 3 / Table 2,PATHLL_MDLM_CONFIDENCE_A_FUTURE_D_R2,state-centered candidate Path-LL readout,MDLM,169.6M,OpenWebText continuations,A_future,Path-LL,confidence,ridge linear probe,cheap + h_local (3 validation-fixed layers),candidate within state,8,,16,24,400,2400,14400,14400,within-state R2,0,0.0190168262,0.0190168262,0.01353992801,0.02449372438,7.184792761e-09,50 repeated document splits; Nadeau-Bengio corrected t interval,50 splits; 50/50 positive,BH-FDR saved in source; layers selected once on validation seed 99,POST_HOC_RESCUE_VALID_CURRENT,STRONG_SUPPORT,Table 2; main text,data/estimate_all.json,MDLM_confidence/A_future/cheap+h_local(3layers)/d_r2,iclr_direction1/build_iclr_evidence.py,RECOMPUTED_FROM_SAVED_METRICS. Repeated splits are dependent; corrected interval is authoritative.
candidate_pathll,Figure 3 / Table 2,PATHLL_MDLM_CONFIDENCE_A_FUTURE_D_CONC,state-centered candidate Path-LL readout,MDLM,169.6M,OpenWebText continuations,A_future,Path-LL,confidence,ridge linear probe,cheap + h_local (3 validation-fixed layers),candidate within state,8,,16,24,400,2400,14400,14400,pairwise concordance,0,0.006028888889,0.006028888889,0.0001804016399,0.01187737614,0.04359228154,50 repeated document splits; Nadeau-Bengio corrected t interval,50 splits; 46/50 positive,BH-FDR saved in source; layers selected once on validation seed 99,POST_HOC_RESCUE_VALID_CURRENT,SUPPORTING,Table 2 / Appendix,data/estimate_all.json,MDLM_confidence/A_future/cheap+h_local(3layers)/d_conc,iclr_direction1/build_iclr_evidence.py,RECOMPUTED_FROM_SAVED_METRICS. Repeated splits are dependent; corrected interval is authoritative.
candidate_pathll,Figure 3 / Table 2,PATHLL_SEDD_ANCESTRAL_A_PERTOK_D_R2,state-centered candidate Path-LL readout,SEDD,169.6M,OpenWebText continuations,A_pertok,Path-LL,ancestral,ridge linear probe,cheap + h_local (3 validation-fixed layers),candidate within state,9,,16,24,400,2400,14400,14400,within-state R2,0,0.01143453677,0.01143453677,0.008006448789,0.01486262475,1.913994851e-08,50 repeated document splits; Nadeau-Bengio corrected t interval,50 splits; 50/50 positive,BH-FDR saved in source; layers selected once on validation seed 99,POST_HOC_RESCUE_VALID_CURRENT,STRONG_SUPPORT,Table 2; main text,data/estimate_all.json,SEDD_ancestral/A_pertok/cheap+h_local(3layers)/d_r2,iclr_direction1/build_iclr_evidence.py,RECOMPUTED_FROM_SAVED_METRICS. Repeated splits are dependent; corrected interval is authoritative.
candidate_pathll,Figure 3 / Table 2,PATHLL_SEDD_ANCESTRAL_A_PERTOK_D_CONC,state-centered candidate Path-LL readout,SEDD,169.6M,OpenWebText continuations,A_pertok,Path-LL,ancestral,ridge linear probe,cheap + h_local (3 validation-fixed layers),candidate within state,9,,16,24,400,2400,14400,14400,pairwise concordance,0,0.001253333333,0.001253333333,-0.00306667396,0.005573340627,0.5625509795,50 repeated document splits; Nadeau-Bengio corrected t interval,50 splits; 35/50 positive,BH-FDR saved in source; layers selected once on validation seed 99,POST_HOC_RESCUE_VALID_CURRENT,NEGATIVE_BOUNDARY,Table 2 / Appendix,data/estimate_all.json,SEDD_ancestral/A_pertok/cheap+h_local(3layers)/d_conc,iclr_direction1/build_iclr_evidence.py,RECOMPUTED_FROM_SAVED_METRICS. Repeated splits are dependent; corrected interval is authoritative.
candidate_pathll,Figure 3 / Table 2,PATHLL_SEDD_ANCESTRAL_A_FUTURE_D_R2,state-centered candidate Path-LL readout,SEDD,169.6M,OpenWebText continuations,A_future,Path-LL,ancestral,ridge linear probe,cheap + h_local (3 validation-fixed layers),candidate within state,9,,16,24,400,2400,14400,14400,within-state R2,0,0.02318628087,0.02318628087,0.01737016254,0.02900239921,1.836160113e-10,50 repeated document splits; Nadeau-Bengio corrected t interval,50 splits; 50/50 positive,BH-FDR saved in source; layers selected once on validation seed 99,POST_HOC_RESCUE_VALID_CURRENT,STRONG_SUPPORT,Table 2; main text,data/estimate_all.json,SEDD_ancestral/A_future/cheap+h_local(3layers)/d_r2,iclr_direction1/build_iclr_evidence.py,RECOMPUTED_FROM_SAVED_METRICS. Repeated splits are dependent; corrected interval is authoritative.
candidate_pathll,Figure 3 / Table 2,PATHLL_SEDD_ANCESTRAL_A_FUTURE_D_CONC,state-centered candidate Path-LL readout,SEDD,169.6M,OpenWebText continuations,A_future,Path-LL,ancestral,ridge linear probe,cheap + h_local (3 validation-fixed layers),candidate within state,9,,16,24,400,2400,14400,14400,pairwise concordance,0,0.009273333333,0.009273333333,0.003803873928,0.01474279274,0.001319834044,50 repeated document splits; Nadeau-Bengio corrected t interval,50 splits; 50/50 positive,BH-FDR saved in source; layers selected once on validation seed 99,POST_HOC_RESCUE_VALID_CURRENT,SUPPORTING,Table 2 / Appendix,data/estimate_all.json,SEDD_ancestral/A_future/cheap+h_local(3layers)/d_conc,iclr_direction1/build_iclr_evidence.py,RECOMPUTED_FROM_SAVED_METRICS. Repeated splits are dependent; corrected interval is authoritative.
candidate_pathll_fairtest,Appendix,FAIR_ARM1_ANCESTRAL_A_PERTOK_S0_D_R2,candidate Path-LL fair-split audit,MDLM,169.6M,OpenWebText continuations,A_pertok,Path-LL,arm1 ancestral,ridge linear probe,cheap + h_local,candidate within state,9,,16,24,400,2400,14400,14400,within-state R2,0,0.006528952615,0.006528952615,0.003371735896,0.009661822373,,"document-cluster bootstrap, 10,000 resamples",split seed 0; 100 test documents,,POST_HOC_AUDIT,SUPPORTING,Appendix,rescue_audit/results/A_fairtest_corrected_ci.json,arm1 ancestral/A_pertok/seed=0/d_r2,iclr_direction1/build_iclr_evidence.py,RECOMPUTED_FROM_SAVED_METRICS.
candidate_pathll_fairtest,Appendix,FAIR_ARM1_ANCESTRAL_A_PERTOK_S0_D_CONC,candidate Path-LL fair-split audit,MDLM,169.6M,OpenWebText continuations,A_pertok,Path-LL,arm1 ancestral,ridge linear probe,cheap + h_local,candidate within state,9,,16,24,400,2400,14400,14400,pairwise concordance,0,0.005333333333,0.005333333333,0.001444444444,0.009333333333,,"document-cluster bootstrap, 10,000 resamples",split seed 0; 100 test documents,,POST_HOC_AUDIT,SUPPORTING,Appendix,rescue_audit/results/A_fairtest_corrected_ci.json,arm1 ancestral/A_pertok/seed=0/d_conc,iclr_direction1/build_iclr_evidence.py,RECOMPUTED_FROM_SAVED_METRICS.
candidate_pathll_fairtest,Appendix,FAIR_ARM1_ANCESTRAL_A_PERTOK_S1_D_R2,candidate Path-LL fair-split audit,MDLM,169.6M,OpenWebText continuations,A_pertok,Path-LL,arm1 ancestral,ridge linear probe,cheap + h_local,candidate within state,8,,16,24,400,2400,14400,14400,within-state R2,0,0.001269306662,0.001269306662,-0.003573615392,0.005942171574,,"document-cluster bootstrap, 10,000 resamples",split seed 1; 100 test documents,,POST_HOC_AUDIT,NEGATIVE_BOUNDARY,Appendix,rescue_audit/results/A_fairtest_corrected_ci.json,arm1 ancestral/A_pertok/seed=1/d_r2,iclr_direction1/build_iclr_evidence.py,RECOMPUTED_FROM_SAVED_METRICS.
candidate_pathll_fairtest,Appendix,FAIR_ARM1_ANCESTRAL_A_PERTOK_S1_D_CONC,candidate Path-LL fair-split audit,MDLM,169.6M,OpenWebText continuations,A_pertok,Path-LL,arm1 ancestral,ridge linear probe,cheap + h_local,candidate within state,8,,16,24,400,2400,14400,14400,pairwise concordance,0,0.005,0.005,0.0006666666667,0.009444444444,,"document-cluster bootstrap, 10,000 resamples",split seed 1; 100 test documents,,POST_HOC_AUDIT,SUPPORTING,Appendix,rescue_audit/results/A_fairtest_corrected_ci.json,arm1 ancestral/A_pertok/seed=1/d_conc,iclr_direction1/build_iclr_evidence.py,RECOMPUTED_FROM_SAVED_METRICS.
candidate_pathll_fairtest,Appendix,FAIR_ARM1_ANCESTRAL_A_PERTOK_S2_D_R2,candidate Path-LL fair-split audit,MDLM,169.6M,OpenWebText continuations,A_pertok,Path-LL,arm1 ancestral,ridge linear probe,cheap + h_local,candidate within state,8,,16,24,400,2400,14400,14400,within-state R2,0,0.003923874407,0.003923874407,0.000410518274,0.007415047051,,"document-cluster bootstrap, 10,000 resamples",split seed 2; 100 test documents,,POST_HOC_AUDIT,SUPPORTING,Appendix,rescue_audit/results/A_fairtest_corrected_ci.json,arm1 ancestral/A_pertok/seed=2/d_r2,iclr_direction1/build_iclr_evidence.py,RECOMPUTED_FROM_SAVED_METRICS.
candidate_pathll_fairtest,Appendix,FAIR_ARM1_ANCESTRAL_A_PERTOK_S2_D_CONC,candidate Path-LL fair-split audit,MDLM,169.6M,OpenWebText continuations,A_pertok,Path-LL,arm1 ancestral,ridge linear probe,cheap + h_local,candidate within state,8,,16,24,400,2400,14400,14400,pairwise concordance,0,0.002777777778,0.002777777778,-0.0008888888889,0.006666666667,,"document-cluster bootstrap, 10,000 resamples",split seed 2; 100 test documents,,POST_HOC_AUDIT,NEGATIVE_BOUNDARY,Appendix,rescue_audit/results/A_fairtest_corrected_ci.json,arm1 ancestral/A_pertok/seed=2/d_conc,iclr_direction1/build_iclr_evidence.py,RECOMPUTED_FROM_SAVED_METRICS.
candidate_pathll_fairtest,Appendix,FAIR_ARM1_ANCESTRAL_A_FUTURE_S0_D_R2,candidate Path-LL fair-split audit,MDLM,169.6M,OpenWebText continuations,A_future,Path-LL,arm1 ancestral,ridge linear probe,cheap + h_local,candidate within state,9,,16,24,400,2400,14400,14400,within-state R2,0,0.01241828269,0.01241828269,0.006980755387,0.01780893719,,"document-cluster bootstrap, 10,000 resamples",split seed 0; 100 test documents,,POST_HOC_AUDIT,SUPPORTING,Appendix,rescue_audit/results/A_fairtest_corrected_ci.json,arm1 ancestral/A_future/seed=0/d_r2,iclr_direction1/build_iclr_evidence.py,RECOMPUTED_FROM_SAVED_METRICS.
candidate_pathll_fairtest,Appendix,FAIR_ARM1_ANCESTRAL_A_FUTURE_S0_D_CONC,candidate Path-LL fair-split audit,MDLM,169.6M,OpenWebText continuations,A_future,Path-LL,arm1 ancestral,ridge linear probe,cheap + h_local,candidate within state,9,,16,24,400,2400,14400,14400,pairwise concordance,0,0.008888888889,0.008888888889,0.003777777778,0.01377777778,,"document-cluster bootstrap, 10,000 resamples",split seed 0; 100 test documents,,POST_HOC_AUDIT,SUPPORTING,Appendix,rescue_audit/results/A_fairtest_corrected_ci.json,arm1 ancestral/A_future/seed=0/d_conc,iclr_direction1/build_iclr_evidence.py,RECOMPUTED_FROM_SAVED_METRICS.
candidate_pathll_fairtest,Appendix,FAIR_ARM1_ANCESTRAL_A_FUTURE_S1_D_R2,candidate Path-LL fair-split audit,MDLM,169.6M,OpenWebText continuations,A_future,Path-LL,arm1 ancestral,ridge linear probe,cheap + h_local,candidate within state,8,,16,24,400,2400,14400,14400,within-state R2,0,0.0048180956,0.0048180956,-0.005401810338,0.01486742724,,"document-cluster bootstrap, 10,000 resamples",split seed 1; 100 test documents,,POST_HOC_AUDIT,NEGATIVE_BOUNDARY,Appendix,rescue_audit/results/A_fairtest_corrected_ci.json,arm1 ancestral/A_future/seed=1/d_r2,iclr_direction1/build_iclr_evidence.py,RECOMPUTED_FROM_SAVED_METRICS.
candidate_pathll_fairtest,Appendix,FAIR_ARM1_ANCESTRAL_A_FUTURE_S1_D_CONC,candidate Path-LL fair-split audit,MDLM,169.6M,OpenWebText continuations,A_future,Path-LL,arm1 ancestral,ridge linear probe,cheap + h_local,candidate within state,8,,16,24,400,2400,14400,14400,pairwise concordance,0,0.008777777778,0.008777777778,0.002,0.01555555556,,"document-cluster bootstrap, 10,000 resamples",split seed 1; 100 test documents,,POST_HOC_AUDIT,SUPPORTING,Appendix,rescue_audit/results/A_fairtest_corrected_ci.json,arm1 ancestral/A_future/seed=1/d_conc,iclr_direction1/build_iclr_evidence.py,RECOMPUTED_FROM_SAVED_METRICS.
candidate_pathll_fairtest,Appendix,FAIR_ARM1_ANCESTRAL_A_FUTURE_S2_D_R2,candidate Path-LL fair-split audit,MDLM,169.6M,OpenWebText continuations,A_future,Path-LL,arm1 ancestral,ridge linear probe,cheap + h_local,candidate within state,8,,16,24,400,2400,14400,14400,within-state R2,0,0.0002677593381,0.0002677593381,-0.009922143318,0.01022718742,,"document-cluster bootstrap, 10,000 resamples",split seed 2; 100 test documents,,POST_HOC_AUDIT,NEGATIVE_BOUNDARY,Appendix,rescue_audit/results/A_fairtest_corrected_ci.json,arm1 ancestral/A_future/seed=2/d_r2,iclr_direction1/build_iclr_evidence.py,RECOMPUTED_FROM_SAVED_METRICS.
candidate_pathll_fairtest,Appendix,FAIR_ARM1_ANCESTRAL_A_FUTURE_S2_D_CONC,candidate Path-LL fair-split audit,MDLM,169.6M,OpenWebText continuations,A_future,Path-LL,arm1 ancestral,ridge linear probe,cheap + h_local,candidate within state,8,,16,24,400,2400,14400,14400,pairwise concordance,0,0.002888888889,0.002888888889,-0.004666666667,0.01077777778,,"document-cluster bootstrap, 10,000 resamples",split seed 2; 100 test documents,,POST_HOC_AUDIT,NEGATIVE_BOUNDARY,Appendix,rescue_audit/results/A_fairtest_corrected_ci.json,arm1 ancestral/A_future/seed=2/d_conc,iclr_direction1/build_iclr_evidence.py,RECOMPUTED_FROM_SAVED_METRICS.
candidate_pathll_fairtest,Appendix,FAIR_ARM2_CONFIDENCE_A_PERTOK_S0_D_R2,candidate Path-LL fair-split audit,MDLM,169.6M,OpenWebText continuations,A_pertok,Path-LL,arm2 confidence,ridge linear probe,cheap + h_local,candidate within state,8,,16,24,400,2400,14400,14400,within-state R2,0,0.01043099999,0.01043099999,0.006267167153,0.01433000149,,"document-cluster bootstrap, 10,000 resamples",split seed 0; 100 test documents,,POST_HOC_AUDIT,SUPPORTING,Appendix,rescue_audit/results/A_fairtest_corrected_ci.json,arm2 confidence/A_pertok/seed=0/d_r2,iclr_direction1/build_iclr_evidence.py,RECOMPUTED_FROM_SAVED_METRICS.
candidate_pathll_fairtest,Appendix,FAIR_ARM2_CONFIDENCE_A_PERTOK_S0_D_CONC,candidate Path-LL fair-split audit,MDLM,169.6M,OpenWebText continuations,A_pertok,Path-LL,arm2 confidence,ridge linear probe,cheap + h_local,candidate within state,8,,16,24,400,2400,14400,14400,pairwise concordance,0,0.006,0.006,0.0004444444444,0.01155555556,,"document-cluster bootstrap, 10,000 resamples",split seed 0; 100 test documents,,POST_HOC_AUDIT,SUPPORTING,Appendix,rescue_audit/results/A_fairtest_corrected_ci.json,arm2 confidence/A_pertok/seed=0/d_conc,iclr_direction1/build_iclr_evidence.py,RECOMPUTED_FROM_SAVED_METRICS.
candidate_pathll_fairtest,Appendix,FAIR_ARM2_CONFIDENCE_A_PERTOK_S1_D_R2,candidate Path-LL fair-split audit,MDLM,169.6M,OpenWebText continuations,A_pertok,Path-LL,arm2 confidence,ridge linear probe,cheap + h_local,candidate within state,8,,16,24,400,2400,14400,14400,within-state R2,0,0.01048169301,0.01048169301,0.007255189713,0.01362836232,,"document-cluster bootstrap, 10,000 resamples",split seed 1; 100 test documents,,POST_HOC_AUDIT,SUPPORTING,Appendix,rescue_audit/results/A_fairtest_corrected_ci.json,arm2 confidence/A_pertok/seed=1/d_r2,iclr_direction1/build_iclr_evidence.py,RECOMPUTED_FROM_SAVED_METRICS.
candidate_pathll_fairtest,Appendix,FAIR_ARM2_CONFIDENCE_A_PERTOK_S1_D_CONC,candidate Path-LL fair-split audit,MDLM,169.6M,OpenWebText continuations,A_pertok,Path-LL,arm2 confidence,ridge linear probe,cheap + h_local,candidate within state,8,,16,24,400,2400,14400,14400,pairwise concordance,0,0.002555555556,0.002555555556,-0.002111111111,0.007222222222,,"document-cluster bootstrap, 10,000 resamples",split seed 1; 100 test documents,,POST_HOC_AUDIT,NEGATIVE_BOUNDARY,Appendix,rescue_audit/results/A_fairtest_corrected_ci.json,arm2 confidence/A_pertok/seed=1/d_conc,iclr_direction1/build_iclr_evidence.py,RECOMPUTED_FROM_SAVED_METRICS.
candidate_pathll_fairtest,Appendix,FAIR_ARM2_CONFIDENCE_A_PERTOK_S2_D_R2,candidate Path-LL fair-split audit,MDLM,169.6M,OpenWebText continuations,A_pertok,Path-LL,arm2 confidence,ridge linear probe,cheap + h_local,candidate within state,9,,16,24,400,2400,14400,14400,within-state R2,0,0.00864375183,0.00864375183,0.004058953268,0.01334544557,,"document-cluster bootstrap, 10,000 resamples",split seed 2; 100 test documents,,POST_HOC_AUDIT,SUPPORTING,Appendix,rescue_audit/results/A_fairtest_corrected_ci.json,arm2 confidence/A_pertok/seed=2/d_r2,iclr_direction1/build_iclr_evidence.py,RECOMPUTED_FROM_SAVED_METRICS.
candidate_pathll_fairtest,Appendix,FAIR_ARM2_CONFIDENCE_A_PERTOK_S2_D_CONC,candidate Path-LL fair-split audit,MDLM,169.6M,OpenWebText continuations,A_pertok,Path-LL,arm2 confidence,ridge linear probe,cheap + h_local,candidate within state,9,,16,24,400,2400,14400,14400,pairwise concordance,0,0.002222222222,0.002222222222,-0.002777777778,0.007111111111,,"document-cluster bootstrap, 10,000 resamples",split seed 2; 100 test documents,,POST_HOC_AUDIT,NEGATIVE_BOUNDARY,Appendix,rescue_audit/results/A_fairtest_corrected_ci.json,arm2 confidence/A_pertok/seed=2/d_conc,iclr_direction1/build_iclr_evidence.py,RECOMPUTED_FROM_SAVED_METRICS.
candidate_pathll_fairtest,Appendix,FAIR_ARM2_CONFIDENCE_A_FUTURE_S0_D_R2,candidate Path-LL fair-split audit,MDLM,169.6M,OpenWebText continuations,A_future,Path-LL,arm2 confidence,ridge linear probe,cheap + h_local,candidate within state,8,,16,24,400,2400,14400,14400,within-state R2,0,0.01920077541,0.01920077541,0.01121147668,0.02675651127,,"document-cluster bootstrap, 10,000 resamples",split seed 0; 100 test documents,,POST_HOC_AUDIT,SUPPORTING,Appendix,rescue_audit/results/A_fairtest_corrected_ci.json,arm2 confidence/A_future/seed=0/d_r2,iclr_direction1/build_iclr_evidence.py,RECOMPUTED_FROM_SAVED_METRICS.
candidate_pathll_fairtest,Appendix,FAIR_ARM2_CONFIDENCE_A_FUTURE_S0_D_CONC,candidate Path-LL fair-split audit,MDLM,169.6M,OpenWebText continuations,A_future,Path-LL,arm2 confidence,ridge linear probe,cheap + h_local,candidate within state,8,,16,24,400,2400,14400,14400,pairwise concordance,0,0.01,0.01,0.002777777778,0.01711111111,,"document-cluster bootstrap, 10,000 resamples",split seed 0; 100 test documents,,POST_HOC_AUDIT,SUPPORTING,Appendix,rescue_audit/results/A_fairtest_corrected_ci.json,arm2 confidence/A_future/seed=0/d_conc,iclr_direction1/build_iclr_evidence.py,RECOMPUTED_FROM_SAVED_METRICS.
candidate_pathll_fairtest,Appendix,FAIR_ARM2_CONFIDENCE_A_FUTURE_S1_D_R2,candidate Path-LL fair-split audit,MDLM,169.6M,OpenWebText continuations,A_future,Path-LL,arm2 confidence,ridge linear probe,cheap + h_local,candidate within state,8,,16,24,400,2400,14400,14400,within-state R2,0,0.01981932345,0.01981932345,0.01369317645,0.02581831294,,"document-cluster bootstrap, 10,000 resamples",split seed 1; 100 test documents,,POST_HOC_AUDIT,SUPPORTING,Appendix,rescue_audit/results/A_fairtest_corrected_ci.json,arm2 confidence/A_future/seed=1/d_r2,iclr_direction1/build_iclr_evidence.py,RECOMPUTED_FROM_SAVED_METRICS.
candidate_pathll_fairtest,Appendix,FAIR_ARM2_CONFIDENCE_A_FUTURE_S1_D_CONC,candidate Path-LL fair-split audit,MDLM,169.6M,OpenWebText continuations,A_future,Path-LL,arm2 confidence,ridge linear probe,cheap + h_local,candidate within state,8,,16,24,400,2400,14400,14400,pairwise concordance,0,0.003111111111,0.003111111111,-0.003555555556,0.009888888889,,"document-cluster bootstrap, 10,000 resamples",split seed 1; 100 test documents,,POST_HOC_AUDIT,NEGATIVE_BOUNDARY,Appendix,rescue_audit/results/A_fairtest_corrected_ci.json,arm2 confidence/A_future/seed=1/d_conc,iclr_direction1/build_iclr_evidence.py,RECOMPUTED_FROM_SAVED_METRICS.
candidate_pathll_fairtest,Appendix,FAIR_ARM2_CONFIDENCE_A_FUTURE_S2_D_R2,candidate Path-LL fair-split audit,MDLM,169.6M,OpenWebText continuations,A_future,Path-LL,arm2 confidence,ridge linear probe,cheap + h_local,candidate within state,9,,16,24,400,2400,14400,14400,within-state R2,0,0.01522354397,0.01522354397,0.006887545129,0.02336480161,,"document-cluster bootstrap, 10,000 resamples",split seed 2; 100 test documents,,POST_HOC_AUDIT,SUPPORTING,Appendix,rescue_audit/results/A_fairtest_corrected_ci.json,arm2 confidence/A_future/seed=2/d_r2,iclr_direction1/build_iclr_evidence.py,RECOMPUTED_FROM_SAVED_METRICS.
candidate_pathll_fairtest,Appendix,FAIR_ARM2_CONFIDENCE_A_FUTURE_S2_D_CONC,candidate Path-LL fair-split audit,MDLM,169.6M,OpenWebText continuations,A_future,Path-LL,arm2 confidence,ridge linear probe,cheap + h_local,candidate within state,9,,16,24,400,2400,14400,14400,pairwise concordance,0,0.001555555556,0.001555555556,-0.004888888889,0.008111111111,,"document-cluster bootstrap, 10,000 resamples",split seed 2; 100 test documents,,POST_HOC_AUDIT,NEGATIVE_BOUNDARY,Appendix,rescue_audit/results/A_fairtest_corrected_ci.json,arm2 confidence/A_future/seed=2/d_conc,iclr_direction1/build_iclr_evidence.py,RECOMPUTED_FROM_SAVED_METRICS.
cross_task_state_utility,Table 3,STATE_GSM8K_TASKC_R2,task-state readout,Nemotron-Diffusion-3B,3B,GSM8K(taskC),V_task,task correctness,ancestral,linear probe,cheap + h_global,state,12,,completion,8,180,720,,720,R2,0,0.06982925893,0.06982925893,-0.06111804109,0.200776559,0.2891358421,50 repeated document splits; Nadeau-Bengio corrected t interval,50 splits; 43/50 nonzero positive,,VALID_CURRENT_UNDERPOWERED,SUPPORTING,Table 3 / Appendix,data/task_state_readout.json,GSM8K(taskC)/hidden/r2,iclr_direction1/build_iclr_evidence.py,RECOMPUTED_FROM_SAVED_METRICS. Positive point estimate and sign consistency; corrected CI crosses zero at this sample size.
cross_task_state_utility,Table 3,STATE_GSM8K_TASKC_AUC,task-state readout,Nemotron-Diffusion-3B,3B,GSM8K(taskC),V_task,task correctness,ancestral,linear probe,cheap + h_global,state,12,,completion,8,180,720,,720,AUC,0,0.02515554544,0.02515554544,-0.01207202345,0.06238311433,0.1807103209,50 repeated document splits; Nadeau-Bengio corrected t interval,50 splits; 41/50 nonzero positive,,VALID_CURRENT_UNDERPOWERED,SUPPORTING,Table 3 / Appendix,data/task_state_readout.json,GSM8K(taskC)/hidden/auc,iclr_direction1/build_iclr_evidence.py,RECOMPUTED_FROM_SAVED_METRICS. Positive point estimate and sign consistency; corrected CI crosses zero at this sample size.
cross_task_state_utility,Table 3,STATE_SVAMP_TASKE_R2,task-state readout,Nemotron-Diffusion-3B,3B,SVAMP(taskE),V_task,task correctness,ancestral,linear probe,cheap + h_global,state,11,,completion,8,200,800,,800,R2,0,0.04300390588,0.04300390588,-0.03542349843,0.1214313102,0.2758859122,50 repeated document splits; Nadeau-Bengio corrected t interval,50 splits; 39/47 nonzero positive,,VALID_CURRENT_UNDERPOWERED,SUPPORTING,Table 3 / Appendix,data/task_state_readout.json,SVAMP(taskE)/hidden/r2,iclr_direction1/build_iclr_evidence.py,RECOMPUTED_FROM_SAVED_METRICS. Positive point estimate and sign consistency; corrected CI crosses zero at this sample size.
cross_task_state_utility,Table 3,STATE_SVAMP_TASKE_AUC,task-state readout,Nemotron-Diffusion-3B,3B,SVAMP(taskE),V_task,task correctness,ancestral,linear probe,cheap + h_global,state,11,,completion,8,200,800,,800,AUC,0,0.03977456544,0.03977456544,-0.0129407141,0.09248984497,0.1358793344,50 repeated document splits; Nadeau-Bengio corrected t interval,50 splits; 40/46 nonzero positive,,VALID_CURRENT_UNDERPOWERED,SUPPORTING,Table 3 / Appendix,data/task_state_readout.json,SVAMP(taskE)/hidden/auc,iclr_direction1/build_iclr_evidence.py,RECOMPUTED_FROM_SAVED_METRICS. Positive point estimate and sign consistency; corrected CI crosses zero at this sample size.
candidate_task_utility_boundary,Table 4,TASK_CD_BILINEAR_VS_CHEAP_ONLY,five-fold candidate task-utility cross-fit,Nemotron-Diffusion-3B,3B,GSM8K C+D,A_task,task correctness,ancestral,low-rank bilinear probe,cheap + hidden,candidate within state,2,,completion,8,750,3000,18000,18000,pairwise concordance delta,0,0.01425178147,0.01425178147,-0.009098741413,0.03693673529,0.1097,"5-fold document cross-fit + 10,000 document-cluster bootstraps",5 folds,,POST_HOC_CROSSFIT_BOUNDARY,NEGATIVE_BOUNDARY,Table 4 / limitations,rescue_audit/results/taskCD_crossfit_confirmatory.json,comparisons.bilinear_vs_cheap_only,iclr_direction1/build_iclr_evidence.py,"RECOMPUTED_FROM_SAVED_METRICS. bilinear vs cheap; CI crosses zero, so not evidence for a stable candidate task-utility effect."
candidate_task_utility_boundary,Table 4,TASK_CD_BILINEAR_VS_NO_STATE_INTERACTION,five-fold candidate task-utility cross-fit,Nemotron-Diffusion-3B,3B,GSM8K C+D,A_task,task correctness,ancestral,low-rank bilinear probe,cheap + hidden,candidate within state,2,,completion,8,750,3000,18000,18000,pairwise concordance delta,0,-0.002235573564,-0.002235573564,-0.02199521331,0.01738639982,0.5858,"5-fold document cross-fit + 10,000 document-cluster bootstraps",5 folds,,POST_HOC_CROSSFIT_BOUNDARY,NEGATIVE_BOUNDARY,Table 4 / limitations,rescue_audit/results/taskCD_crossfit_confirmatory.json,comparisons.bilinear_vs_no_state_interaction,iclr_direction1/build_iclr_evidence.py,"RECOMPUTED_FROM_SAVED_METRICS. state-action interaction; CI crosses zero, so not evidence for a stable candidate task-utility effect."
candidate_task_utility_boundary,Table 4,TASK_E_BILINEAR_VS_CHEAP_ONLY,five-fold candidate task-utility cross-fit,Nemotron-Diffusion-3B,3B,SVAMP E,A_task,task correctness,ancestral,low-rank bilinear probe,cheap + hidden,candidate within state,2,,completion,8,200,800,4800,4800,pairwise concordance delta,0,0.01326053042,0.01326053042,-0.03687014111,0.06539932198,0.3104,"5-fold document cross-fit + 10,000 document-cluster bootstraps",5 folds,,POST_HOC_CROSSFIT_BOUNDARY,NEGATIVE_BOUNDARY,Table 4 / limitations,rescue_audit/results/taskE_svamp_crossfit.json,comparisons.bilinear_vs_cheap_only,iclr_direction1/build_iclr_evidence.py,"RECOMPUTED_FROM_SAVED_METRICS. bilinear vs cheap; CI crosses zero, so not evidence for a stable candidate task-utility effect."
candidate_task_utility_boundary,Table 4,TASK_E_BILINEAR_VS_NO_STATE_INTERACTION,five-fold candidate task-utility cross-fit,Nemotron-Diffusion-3B,3B,SVAMP E,A_task,task correctness,ancestral,low-rank bilinear probe,cheap + hidden,candidate within state,2,,completion,8,200,800,4800,4800,pairwise concordance delta,0,0.01092043682,0.01092043682,-0.02617086106,0.04985369885,0.2891,"5-fold document cross-fit + 10,000 document-cluster bootstraps",5 folds,,POST_HOC_CROSSFIT_BOUNDARY,NEGATIVE_BOUNDARY,Table 4 / limitations,rescue_audit/results/taskE_svamp_crossfit.json,comparisons.bilinear_vs_no_state_interaction,iclr_direction1/build_iclr_evidence.py,"RECOMPUTED_FROM_SAVED_METRICS. state-action interaction; CI crosses zero, so not evidence for a stable candidate task-utility effect."
candidate_task_utility_transfer_boundary,Table 4,TASK_D_FROZEN_PRIMARY_BILINEAR_VS_CHEAP_ONLY,sealed frozen Task C to Task D transfer,Nemotron-Diffusion-3B,3B,GSM8K D,A_task,task correctness,ancestral,frozen low-rank bilinear probe,cheap + hidden,candidate within state,0,,completion,8,570,2280,13680,13680,pairwise concordance delta,0,-0.03555389222,-0.03555389222,-0.05665073796,-0.01507717107,0.9998,"sealed application + 10,000 document-cluster bootstraps",frozen before Task D labels,,CONFIRMATORY_NEGATIVE,NEGATIVE_BOUNDARY,Table 4 / limitations,rescue_audit/results/CONFIRMATORY_taskD_frozen.json,comparisons.primary_bilinear_vs_cheap_only,iclr_direction1/build_iclr_evidence.py,RECOMPUTED_FROM_SAVED_METRICS. Clean domain-transfer failure; narrows rather than reverses the state-level claim.
candidate_task_utility_transfer_boundary,Table 4,TASK_D_FROZEN_RELATIONAL_BILINEAR_VS_NO_STATE_INTERACTION,sealed frozen Task C to Task D transfer,Nemotron-Diffusion-3B,3B,GSM8K D,A_task,task correctness,ancestral,frozen low-rank bilinear probe,cheap + hidden,candidate within state,0,,completion,8,570,2280,13680,13680,pairwise concordance delta,0,-0.0130988024,-0.0130988024,-0.02606856022,-0.0001840908697,0.9772,"sealed application + 10,000 document-cluster bootstraps",frozen before Task D labels,,CONFIRMATORY_NEGATIVE,NEGATIVE_BOUNDARY,Table 4 / limitations,rescue_audit/results/CONFIRMATORY_taskD_frozen.json,comparisons.relational_bilinear_vs_no_state_interaction,iclr_direction1/build_iclr_evidence.py,RECOMPUTED_FROM_SAVED_METRICS. Clean domain-transfer failure; narrows rather than reverses the state-level claim.
reward_alignment,Table 4 / Appendix,ALIGN_GSM8K_A,Path-LL/task-reward alignment,Nemotron-Diffusion-3B,3B,GSM8K A,A_task vs A_pertok,task correctness vs Path-LL,ancestral,none; direct correlation,rollout labels,candidate,,,completion,8,135,,1056,1056,Pearson r,0,0.09573630597,0.09573630597,0.0248489982,0.172727744,,"document-cluster bootstrap, 10,000 resamples",bootstrap seed 20260902,,VALID_CURRENT,SUPPORTING,Table 4 / limitations,data/labels_taskA/shard_*.npz; iclr_direction1/TASK_REWARD_ALIGNMENT_RECOMPUTE.json,GSM8K A,iclr_direction1/build_iclr_evidence.py,RECOMPUTED_FROM_RAW_FEATURES. Shows that task reward and Path-LL are related but non-equivalent targets.
reward_alignment,Table 4 / Appendix,ALIGN_GSM8K_B,Path-LL/task-reward alignment,Nemotron-Diffusion-3B,3B,GSM8K B,A_task vs A_pertok,task correctness vs Path-LL,ancestral,none; direct correlation,rollout labels,candidate,,,completion,8,138,,1184,1184,Pearson r,0,-0.01742124876,-0.01742124876,-0.1058809194,0.06666068134,,"document-cluster bootstrap, 10,000 resamples",bootstrap seed 20260902,,VALID_CURRENT,NEGATIVE_BOUNDARY,Table 4 / limitations,data/labels_taskB/shard_*.npz; iclr_direction1/TASK_REWARD_ALIGNMENT_RECOMPUTE.json,GSM8K B,iclr_direction1/build_iclr_evidence.py,RECOMPUTED_FROM_RAW_FEATURES. Shows that task reward and Path-LL are related but non-equivalent targets.
reward_alignment,Table 4 / Appendix,ALIGN_GSM8K_C,Path-LL/task-reward alignment,Nemotron-Diffusion-3B,3B,GSM8K C,A_task vs A_pertok,task correctness vs Path-LL,ancestral,none; direct correlation,rollout labels,candidate,,,completion,8,180,,4320,4320,Pearson r,0,0.04934820845,0.04934820845,-0.02221051279,0.1208256563,,"document-cluster bootstrap, 10,000 resamples",bootstrap seed 20260902,,VALID_CURRENT,NEGATIVE_BOUNDARY,Table 4 / limitations,data/labels_taskC/shard_*.npz; iclr_direction1/TASK_REWARD_ALIGNMENT_RECOMPUTE.json,GSM8K C,iclr_direction1/build_iclr_evidence.py,RECOMPUTED_FROM_RAW_FEATURES. Shows that task reward and Path-LL are related but non-equivalent targets.
reward_alignment,Table 4 / Appendix,ALIGN_SVAMP_E,Path-LL/task-reward alignment,Nemotron-Diffusion-3B,3B,SVAMP E,A_task vs A_pertok,task correctness vs Path-LL,ancestral,none; direct correlation,rollout labels,candidate,,,completion,8,200,,4800,4800,Pearson r,0,0.2246104135,0.2246104135,0.1390984428,0.309439991,,"document-cluster bootstrap, 10,000 resamples",bootstrap seed 20260902,,VALID_CURRENT,SUPPORTING,Table 4 / limitations,data/labels_taskE_svamp/shard_*.npz; iclr_direction1/TASK_REWARD_ALIGNMENT_RECOMPUTE.json,SVAMP E,iclr_direction1/build_iclr_evidence.py,RECOMPUTED_FROM_RAW_FEATURES. Shows that task reward and Path-LL are related but non-equivalent targets.
state_within_prompt_boundary,Appendix,VREAD_WITHIN_PROMPT_DIRECT,prompt-centered state-value probe,Nemotron-Diffusion-3B,3B,GSM8K,centered V_reward,task correctness,Nemotron diffusion decoding,prompt-centered linear probe,centered cheap + centered hidden,state within prompt,"0,3,...,24",,completion,8,800,4411,,4411,incremental R2,0.0013,0.0013,0,,,,direct prompt-centered fitting,,,VALID_CURRENT_BOUNDARY,NEGATIVE_BOUNDARY,Appendix / limitations,data/v_audit.json; iclr_direction1/VREAD_INDEPENDENT_RECOMPUTE.log,within_signal_var; direct centered probe,iclr_direction1/build_iclr_evidence.py,"RECOMPUTED_FROM_RAW_FEATURES. Nonzero within-prompt target variance=0.01285314281, noise ceiling=0.8699, but hidden delta is approximately zero."
horizon_boundary,Appendix,OLD_HORIZON_H32_RELATIONAL,legacy horizon × timestep × layer sweep,MDLM,169.6M,OpenWebText continuations,A_pertok,Path-LL,ancestral,legacy relational probe,hidden interaction,candidate within state,,,32,16,,,14400,,relational concordance delta,0,-0.005,-0.005,,,,report-level pooled/temporal summary,,,LEGACY_EXPLORATORY_BOUNDARY,NEGATIVE_BOUNDARY,Appendix only,rescue_audit/FINAL_RESCUE_REPORT.md,section 9 horizon table H=32,iclr_direction1/build_iclr_evidence.py,SOURCE_SUMMARY_ONLY. Label ceiling fell to 0.656/SNR 1.91; long-horizon candidate effect was washed out. Do not mix with the corrected H=16 state-centered analysis.
cross_task_state_utility_meta,Table 3,STATE_AUC_META_FIXED,state-level cross-task synthesis,Nemotron-Diffusion-3B,3B,GSM8K + SVAMP,V_task,task correctness,multiple,linear probes,hidden vs cheap,state,,,,,1180,5931,,,Delta AUC,0,0.04800561901,0.04800561901,0.02684937619,0.06916186184,,fixed effect,3 study estimates,,VALID_CURRENT_SYNTHESIS,STRONG_SUPPORT,Table 3 / main text,data/v_audit.json; data/task_state_readout.json,independent study estimates,iclr_direction1/build_iclr_evidence.py,"RECOMPUTED_FROM_SAVED_METRICS; tau2=0.000205291, I2=35.1%. Supporting synthesis; component studies differ in model and sample size."
cross_task_state_utility_meta,Table 3,STATE_AUC_META_DERSIMONIAN-LAIRD,state-level cross-task synthesis,Nemotron-Diffusion-3B,3B,GSM8K + SVAMP,V_task,task correctness,multiple,linear probes,hidden vs cheap,state,,,,,1180,5931,,,Delta AUC,0,0.04631997961,0.04631997961,0.01914610133,0.0734938579,,DerSimonian-Laird random effects,3 study estimates,,VALID_CURRENT_SYNTHESIS,STRONG_SUPPORT,Table 3 / main text,data/v_audit.json; data/task_state_readout.json,independent study estimates,iclr_direction1/build_iclr_evidence.py,"RECOMPUTED_FROM_SAVED_METRICS; tau2=0.000205291, I2=35.1%. Supporting synthesis; component studies differ in model and sample size."
